station id,1985,1986,1987,1988,1989,1990,1991,1992,1993,1994,1995,1996,1997,1998,1999,2000,2001,2002,2003,2004,2005,2006,2007,2008,2009,2010,2011,2012,2013,2014,2015,2016,2017,2018
09206401,112,98,138,90,128,88,75,97,113,109,116,74,88,85,71,112,68,89,91,68,85,157,132,65,121,130,106,87,74,96,84,130,90,141
05161400,71,53,71,90,64,53,59,34,21,51,72,70,65,63,65,38,119,72,48,88,84,77,80,57,50,53,53,60,64,63,80,41,64,55
73257400,115,82,124,80,146,70,73,48,90,109,105,77,109,72,77,123,115,124,110,107,84,122,73,81,89,77,95,88,69,116,122,131,72,97
05072400,99,106,115,91,149,84,74,94,90,120,96,79,70,100,78,65,119,91,57,88,89,143,82,83,89,85,97,87,108,116,124,154,97,83
64330400,95,74,73,80,62,80,64,31,22,108,77,70,68,71,65,59,67,66,51,68,68,169,184,64,88,131,94,85,78,91,80,130,64,101
66188401,124,134,137,175,,98,89,106,115,,85,94,,92,71,111,71,99,92,97,85,199,,77,127,191,,136,76,139,158,86,107,77
26142001,124,110,,,,98,,,,,,,,,100,,,,,,,,,,,,,,,,,,,
74056403,72,61,72,80,108,62,73,48,71,65,77,73,68,58,66,63,68,66,52,78,84,81,71,71,83,67,94,64,63,75,80,65,71,93
05181002,72,81,83,80,146,81,74,72,83,121,87,77,90,73,78,66,115,88,110,88,84,122,82,83,89,75,96,86,79,116,122,132,97,94
74085400,116,106,125,92,149,82,107,93,96,121,116,78,91,73,77,104,111,124,111,89,84,98,92,81,106,85,96,92,115,116,123,125,88,105
20007402,124,103,83,81,149,83,73,97,90,109,118,77,71,81,75,107,144,76,87,108,88,,111,86,124,146,148,81,80,141,,142,133,
04062400,71,73,85,175,107,81,73,47,90,65,72,70,68,73,78,63,144,73,51,89,89,96,83,59,89,59,104,70,69,64,122,78,84,82
203000403,98,83,73,91,128,81,78,94,103,108,142,94,220,110,72,112,134,88,111,109,72,143,99,83,122,67,106,87,74,92,124,82,90,137
38527401,72,81,115,80,145,80,73,72,90,119,87,77,89,73,77,73,115,91,110,88,84,122,82,81,89,75,96,86,79,107,123,133,85,83
09135400,98,106,82,95,,88,109,97,113,109,130,122,115,86,74,128,68,92,92,70,86,,99,83,127,,149,87,74,96,84,131,89,141
64336400,123,82,150,91,,86,110,97,113,121,157,,,129,73,148,157,126,111,114,84,198,202,83,128,165,148,121,74,116,176,130,115,141
73322401,72,81,72,80,108,62,75,49,96,65,102,71,91,73,78,65,103,73,48,88,89,98,81,71,89,75,94,86,69,96,84,68,67,83
73023001,121,106,149,,,99,108,,112,121,,77,,147,78,,,141,135,107,89,,92,81,112,,96,87,115,116,124,,91,99
203000460,122,130,137,173,,98,89,97,114,111,85,73,105,110,71,111,76,73,90,91,92,198,124,83,111,149,,134,76,137,158,133,107,
74033400,72,82,80,80,146,80,73,93,75,108,116,77,71,73,74,64,82,66,57,78,84,144,73,81,89,75,96,86,68,137,81,65,72,128
73318401,72,54,72,80,108,57,65,45,70,65,77,73,68,70,73,62,68,63,48,88,84,79,73,57,62,53,93,64,64,72,80,65,65,83
66206002,,,,,,,,,,,,,,,,,,,,,,,,,,,,,,,,,,
05096003,71,72,71,91,64,53,62,34,29,51,72,70,65,70,65,38,119,72,48,88,87,77,80,57,50,53,53,60,64,63,122,63,83,55
74056419,70,54,72,78,63,55,59,45,26,51,72,44,68,54,62,59,66,45,48,78,76,79,71,56,61,52,93,55,62,64,79,65,64,55
20023400,126,131,,176,,134,,,114,,,117,,89,134,,103,127,111,116,83,143,100,83,121,106,149,134,179,142,,,154,
203000407,98,98,150,91,128,84,131,94,113,109,122,,105,110,72,115,,80,117,145,84,,132,83,88,74,,94,115,137,125,130,115,141
38253400,112,51,69,78,64,53,34,45,21,51,72,64,66,53,63,38,73,63,48,55,120,77,73,56,50,52,63,55,63,63,80,64,64,55
20007401,126,131,,176,,89,,,114,,,117,,89,134,,103,127,111,116,83,143,100,83,121,106,149,134,140,142,,,154,
73132003,72,82,123,80,144,81,73,48,74,116,116,77,154,,76,76,82,88,110,78,84,98,92,80,89,67,94,86,69,106,122,128,71,97
73296401,64,51,71,80,64,55,59,45,50,65,75,57,69,54,65,59,68,63,48,78,84,79,73,62,61,53,94,61,63,72,80,65,65,58
73194005,72,54,72,80,108,57,65,45,66,65,72,65,68,63,73,62,68,63,48,88,84,79,73,57,61,52,93,64,64,64,80,67,64,55
73034401,72,53,72,80,108,57,64,46,71,69,77,73,68,54,74,63,68,63,58,78,84,79,71,71,62,67,93,61,64,74,80,65,65,83
04096401,71,73,72,175,80,53,59,45,29,51,72,64,68,63,73,60,73,73,49,114,167,92,80,57,66,58,53,69,108,63,122,65,64,57
04019401,71,82,94,91,149,81,73,72,96,99,96,71,70,130,78,65,144,74,55,89,91,98,97,83,89,79,105,86,79,136,122,84,97,82
65388001,,,,,,,,,,,,,,,,,,,,,,,,,,,,,,,,,,
203000446,119,130,,,,98,92,114,115,121,130,97,,92,129,111,74,99,92,,91,,111,91,125,149,,136,77,139,,134,105,
31123005,98,82,82,90,108,81,78,76,110,109,126,74,89,85,70,77,68,66,87,68,68,95,82,61,67,75,106,86,74,96,81,83,64,97
73280001,99,82,115,80,146,81,74,93,96,121,118,77,109,72,77,65,115,118,111,106,84,158,92,81,89,75,96,86,79,116,123,133,89,98
26290401,122,103,141,91,,82,109,94,83,121,118,77,134,85,77,160,103,140,111,107,84,143,92,83,122,76,96,87,79,98,123,133,72,99
99130409,95,98,93,126,76,84,79,75,65,110,81,70,71,88,71,65,73,67,55,68,74,143,123,60,89,74,64,86,75,87,84,80,90,143
74032401,72,82,80,78,144,80,73,93,75,108,116,77,69,73,74,64,68,66,52,78,84,98,70,81,89,75,96,86,70,75,81,65,72,99
05023403,71,81,72,91,108,80,73,45,60,65,87,70,66,130,73,62,119,72,57,88,91,79,80,58,62,53,94,64,69,64,122,64,84,82
20007400,126,130,,,,89,,,114,,,,,89,,,103,127,112,116,95,,74,83,121,167,,134,79,149,,135,154,
73306401,65,54,72,80,81,57,62,32,29,51,72,70,67,63,65,59,71,68,48,106,165,94,80,71,61,58,63,63,74,63,80,64,64,55
31042012,,,,,,,,,,,,,,,,,,,,,,,,,,,,,,,,,,
66095001,,,,,,134,,,114,,,,,,,,,,,,,,,,,,,,,,,,,
05114402,71,130,94,142,149,83,74,94,90,138,87,77,70,110,78,65,144,81,55,88,91,122,92,83,89,85,105,93,108,137,124,,97,83
73257001,118,106,149,95,,82,108,,111,121,158,77,116,72,77,123,,124,135,107,89,144,92,83,110,85,96,87,134,116,122,130,97,99
99130401,105,103,121,104,128,84,89,97,113,109,85,71,110,88,71,111,73,73,57,91,85,187,102,60,90,113,106,90,74,98,82,83,95,89
05139405,72,82,83,91,149,80,73,93,90,119,72,77,70,85,76,73,119,85,135,88,88,143,82,83,89,79,96,86,79,137,158,154,90,80
74173401,72,54,72,80,108,61,73,45,66,55,73,44,68,54,66,62,67,64,49,78,83,80,70,56,61,52,94,64,63,64,80,65,64,56
38472002,99,103,127,80,162,81,107,94,74,121,118,77,90,72,77,114,82,125,111,89,84,143,71,81,89,75,95,87,79,116,123,133,72,99
09070401,98,98,127,90,128,87,75,94,113,109,128,97,89,85,71,127,68,89,91,68,85,157,132,71,121,168,106,87,74,96,84,131,89,130
20040003,,,,,,,,,,,,,,,,,,,,,,,,,,,,,,,,,,
73123402,115,106,124,92,149,82,107,147,90,121,116,77,91,73,77,105,86,124,104,106,84,122,93,81,102,85,96,87,109,116,123,68,85,99
74014401,70,54,72,78,63,55,65,45,66,54,73,44,67,54,65,62,66,46,33,78,64,79,68,56,62,48,92,55,62,64,57,65,64,83
65017002,,,,,,,,,,,,,,,,,,,,115,122,,,145,,,,134,,150,,,,
05119403,71,98,94,142,149,81,73,94,90,119,87,71,68,110,78,63,144,74,55,88,91,98,81,83,89,75,104,86,108,116,123,83,97,83
05096400,113,106,124,175,149,81,73,94,90,119,87,77,68,100,76,65,119,81,57,88,89,98,81,83,89,75,96,87,79,116,122,133,97,82
204012911,117,105,125,80,149,82,107,75,96,121,114,77,108,87,78,99,118,95,86,89,89,144,92,83,102,85,96,173,78,136,178,108,90,151
74136400,115,105,124,92,,82,75,147,96,121,147,77,91,73,76,115,111,124,104,106,84,142,92,81,89,83,96,87,103,131,106,128,88,99
05064403,115,107,150,175,,84,110,,90,131,118,79,106,114,78,,,140,118,107,88,,92,83,124,,104,87,134,137,,,97,144
74080002,99,106,124,102,,81,108,,101,121,,77,135,74,76,115,111,124,135,106,84,144,97,81,122,,96,87,115,137,132,128,88,114
05139400,122,109,,,,98,,,113,131,,,,130,,,,,,107,,,97,87,124,,,,,,,,,
38285001,123,106,159,,,98,110,,90,131,,81,,130,99,,,,137,107,87,,132,83,124,,107,94,,140,,,,
20124400,124,,151,132,,134,141,,113,124,144,118,174,81,133,,103,94,99,108,84,143,74,83,121,106,107,88,80,117,132,108,106,
38548402,124,109,158,,,98,109,,,,,,,147,117,,,,138,115,98,,,99,128,,118,133,79,140,,,147,138
73015401,71,61,72,80,108,61,68,48,74,65,77,73,68,54,76,73,68,63,55,79,84,80,73,71,83,67,94,70,68,74,80,65,66,86
06120002,126,133,,,,,,,,,,,,,,,,,,,,,123,89,128,,,103,,,,,,
73054402,64,61,71,80,108,55,62,46,66,65,75,64,69,58,65,64,68,63,49,78,84,80,73,62,61,53,94,64,64,74,80,65,65,86
31042001,,,,,,,,,,,,,,,,,,,,,,,,,,,,,,,,,,
38020400,99,99,141,80,,82,74,93,90,121,118,77,109,73,78,114,115,124,118,89,84,159,92,81,89,75,96,92,109,137,155,133,88,98
05077402,65,74,72,175,81,55,62,32,29,51,72,36,65,60,65,39,71,73,48,56,60,76,80,56,67,52,62,69,63,63,56,64,64,55
05001401,72,115,89,175,146,82,73,94,83,120,118,71,70,147,78,63,71,74,55,88,91,98,81,83,89,76,104,86,78,136,123,83,91,83
64316001,,,,,,,,,,,,,,,,,,,,,,,,,,,,,,,,,,
38005400,118,106,141,95,,82,107,94,90,121,118,77,109,74,78,115,115,125,111,106,84,143,97,83,89,81,96,88,79,116,123,131,88,129
66188400,98,98,83,140,76,98,75,33,49,92,81,70,85,89,71,110,71,79,83,59,72,143,105,62,121,74,65,59,76,88,87,83,101,59
203000400,121,105,150,91,,84,204,,113,177,155,114,,130,73,,,126,168,145,84,198,132,83,128,149,149,121,139,136,176,130,146,
64040400,124,83,149,91,,201,78,97,110,108,144,94,188,129,73,148,68,143,202,106,84,187,99,83,127,165,106,121,74,116,174,130,146,134
64316400,124,130,176,,,132,131,,212,108,157,,,158,129,,,149,117,146,84,,,156,,,,133,79,137,,,146,
05096402,71,73,94,91,108,80,72,48,83,119,113,70,68,159,73,62,144,72,55,88,89,96,80,71,89,59,94,70,108,134,122,133,97,82
65188401,97,74,73,90,63,81,64,31,42,108,77,71,68,72,70,65,68,66,51,68,68,95,91,57,65,60,64,86,70,87,81,68,65,84
38366001,126,,,,,99,,,,,,,,148,,,,,,,,,,99,128,,,,,,,,,
74056409,70,54,72,78,63,55,59,45,26,51,72,30,68,54,62,38,66,45,34,78,64,79,70,56,61,48,92,55,62,64,57,65,64,55
38191408,72,51,72,80,64,55,59,45,66,65,72,71,68,70,65,59,115,63,51,106,84,77,73,57,61,53,63,64,63,64,80,64,64,56
04096001,122,131,135,176,,84,74,,,,118,,,,,,,,,,,,97,83,89,85,105,96,109,116,124,154,97,106
09032402,98,98,127,90,128,87,79,94,113,109,130,98,89,85,71,133,68,125,91,68,86,157,132,71,90,169,106,87,74,96,84,130,89,138
66082004,144,,,,,100,142,,114,,,,,109,,,71,,92,139,147,,,115,,,,157,,140,,,146,
74063404,72,82,80,80,144,80,73,75,75,98,87,77,69,70,74,63,82,66,57,78,84,98,70,81,89,77,92,86,68,75,80,65,71,99
38020001,124,,,,,,,,,,,,,,117,,,,,115,96,,,99,124,,106,131,,137,,,97,
20108002,,,,,,,,,,,,,,,,,,,,,,,,,,,,135,,,,,,
65199400,98,83,127,91,,97,79,97,113,108,130,114,188,110,72,147,68,89,111,115,85,,99,61,128,168,149,133,134,117,138,130,90,140
65283001,98,98,150,91,,97,110,97,113,108,130,115,,110,72,147,134,89,111,109,85,,99,61,128,165,149,88,74,117,,130,104,
38375402,113,49,38,32,35,41,25,25,21,51,57,43,64,10,26,28,115,45,33,42,63,121,81,62,61,67,53,64,41,63,55,41,97,55
73304400,115,81,72,80,144,60,73,48,90,78,107,77,71,70,76,76,82,76,86,78,84,96,73,80,89,82,94,88,74,107,80,68,72,95
66183001,,,,,,,,,,,,,,,,,,,,,,,,,,,,,,,,,,
38191405,65,51,39,69,64,53,34,32,21,51,72,58,67,34,62,38,68,50,48,55,64,77,73,56,50,53,63,55,62,64,35,64,64,56
73144400,105,106,124,,,82,107,75,96,130,118,77,117,129,78,146,118,124,110,89,117,144,92,83,101,85,96,87,109,116,124,133,91,98
65059401,98,82,82,91,112,86,75,94,113,109,122,94,89,85,72,112,68,80,86,69,85,143,99,61,89,149,106,92,74,97,81,130,90,141
06077001,123,133,153,,,120,,,126,,,,,,,,,141,172,115,91,,123,87,128,90,,103,115,142,,,129,108
203000465,81,130,134,175,117,98,79,113,114,,85,94,,120,,,103,155,91,145,127,,,103,127,149,,173,76,146,,135,101,143
73071400,65,53,72,80,64,55,63,46,66,51,73,58,68,54,65,63,68,63,52,79,84,79,73,70,61,53,94,61,64,72,80,65,65,83
38021001,124,109,149,,,81,110,,113,122,,77,137,130,77,,115,149,138,115,84,,132,83,124,,107,87,144,137,,,72,129
65017401,71,74,69,90,62,80,47,31,21,56,70,70,67,71,70,39,68,66,51,57,68,76,73,56,61,60,63,70,69,74,80,65,64,59
74191404,72,54,72,78,63,55,65,45,66,52,76,44,68,58,65,62,66,64,33,78,64,79,68,56,62,45,92,55,62,64,57,65,64,83
38020401,72,81,80,80,112,70,73,71,83,97,87,77,71,73,77,73,115,81,55,88,84,98,82,71,89,68,94,70,69,107,80,133,84,82
04226001,99,131,134,175,,84,129,94,113,138,118,77,91,123,78,79,,127,117,89,91,,98,87,107,85,105,162,125,137,,,99,106
38186001,124,105,162,126,,81,109,,113,122,158,121,134,130,117,,166,140,137,115,84,,132,83,124,,106,87,144,140,,133,88,130
06073401,72,73,83,90,77,81,73,94,113,138,82,70,68,120,73,65,71,76,55,88,91,143,82,59,89,59,106,86,78,63,122,80,99,58
64320406,79,74,73,80,62,80,64,44,49,99,77,70,68,71,66,59,67,66,51,60,68,95,82,56,64,60,64,85,74,91,80,67,65,85
04205400,71,130,94,175,149,81,73,94,103,120,96,71,70,130,78,65,157,74,55,89,91,98,97,83,89,80,105,86,108,136,122,84,97,82
74056416,72,61,72,80,108,62,73,48,70,65,77,73,68,58,66,63,68,64,52,78,84,80,71,57,82,52,93,64,63,64,80,65,71,83
66124400,121,109,134,96,,98,109,97,113,110,130,94,,87,,148,103,123,92,89,86,,100,72,128,169,149,92,76,116,84,130,90,143
06127400,79,131,85,,,84,130,,126,139,87,120,106,120,99,114,144,100,117,89,91,,123,87,104,80,,103,109,141,158,109,129,90
74191401,99,82,121,80,144,80,73,93,75,108,116,77,71,72,74,63,82,66,57,78,84,98,70,81,89,81,96,86,68,95,122,65,71,99
73024400,99,105,124,95,162,99,75,93,90,121,118,77,116,73,78,116,115,124,111,89,89,122,92,81,102,85,95,88,134,137,123,133,97,97
31085401,98,98,121,90,128,81,75,94,113,109,130,97,89,85,71,118,68,89,91,69,85,159,99,71,89,129,106,87,74,96,84,130,89,129
65388400,98,83,124,91,,86,131,94,113,108,155,114,116,109,72,127,68,88,86,70,85,187,99,61,128,149,106,87,74,97,84,130,89,129
73235401,72,80,72,80,108,62,69,48,74,70,77,73,71,73,76,63,82,63,55,88,84,95,73,80,83,75,94,86,68,107,80,125,72,83
74191400,124,109,150,,,,,,,,,80,,85,117,,115,127,138,108,87,,100,82,124,,107,92,115,137,183,131,90,130
73047402,65,80,72,80,102,55,59,32,50,65,73,71,66,60,65,62,71,68,48,88,89,79,73,57,61,59,65,60,65,64,80,65,65,56
65017404,97,82,81,91,108,81,64,75,65,109,81,71,85,84,71,72,68,73,83,69,72,95,99,60,65,74,106,85,73,87,130,130,90,112
38548400,98,99,127,80,224,81,73,94,83,115,86,77,90,72,76,114,115,117,110,88,84,143,82,81,89,130,93,86,134,98,121,134,72,80
73157002,121,106,124,109,,99,109,94,96,121,118,79,110,99,78,117,118,127,110,89,91,144,132,83,124,90,101,87,115,116,124,133,91,99
05177400,71,111,94,91,146,82,73,94,90,120,116,77,70,123,78,65,,81,55,88,91,98,92,83,89,80,105,87,107,136,123,154,97,83
65388403,95,82,73,90,64,81,64,31,49,99,77,70,71,71,70,73,68,66,57,59,68,95,73,56,65,60,64,85,74,86,80,68,65,65
73132402,72,81,79,80,144,81,64,48,74,109,116,77,69,73,76,76,82,88,110,78,84,98,92,80,89,75,93,88,74,107,122,69,72,95
65195001,,,,,,,,,,,,,,,,,157,149,168,146,96,,,83,,,,134,75,137,,,146,
04126400,71,74,94,175,149,81,73,48,96,67,86,71,68,130,78,65,144,74,55,89,91,96,92,59,89,75,104,86,79,136,122,78,84,82
38002404,72,80,79,80,112,62,65,71,74,97,77,77,70,72,76,73,82,81,58,88,84,98,82,71,89,67,93,86,69,97,119,65,65,83
20142001,,,,,,,,,,,,,,,,,,,,,,,,,,,,,,,,,,
74136401,99,81,79,80,144,62,68,49,74,97,87,77,68,70,73,63,68,64,57,78,84,98,70,78,83,67,93,64,68,75,80,66,71,95
38395400,124,109,,,,,,,,,,,,,,,,,,,,,,,,,,157,,,,,,133
09290004,145,,,,,98,,,,,,,,,,,,,,,,,,,,,,,,,,,146,
65138400,98,82,82,91,112,86,75,90,110,109,130,90,89,85,72,117,68,88,86,70,85,186,99,61,120,165,106,92,74,97,81,130,90,141
09140001,124,106,175,96,,98,133,156,114,110,130,97,90,85,79,133,68,92,92,69,95,,,71,127,,149,87,74,137,123,131,146,141
65481400,118,82,127,91,128,97,78,94,113,109,130,114,108,86,72,133,68,89,104,91,85,143,99,61,89,81,106,92,75,97,132,130,90,117
74063400,99,82,115,80,144,80,73,93,75,98,87,77,71,70,74,63,82,66,57,78,84,98,70,81,89,77,95,86,68,75,80,65,71,99
203000476,,,,,,,,,,,,,,,,,,,,,,,,,,,,,,,,,,
73176401,64,61,71,80,108,55,62,48,66,65,76,67,69,58,66,64,68,63,55,78,84,80,73,62,62,68,94,64,64,98,80,65,66,86
38527001,126,106,,,,98,110,,112,131,,80,,147,77,,,,,115,97,,,99,124,,106,131,,137,,,97,
99130015,112,103,103,126,108,84,89,94,113,111,85,71,71,88,71,73,73,73,55,91,74,143,123,60,89,149,106,86,76,98,84,81,85,145
38090400,124,106,158,,,98,109,,113,121,158,,,130,117,,115,143,,115,84,,132,83,124,,107,87,144,137,183,133,88,128
20124001,,,,,,,,,,,,,,,,,,,,,,,,,,,,,,,,,,
09283002,,,,,,133,,,,,,,,,,,,,,,,,,,,,,,,,,,,
05157400,72,108,135,175,146,82,73,180,83,119,103,71,70,147,78,62,71,73,55,88,91,98,81,71,89,75,103,86,78,136,123,83,91,83
73157400,72,81,72,80,108,57,73,32,66,65,73,71,70,63,76,63,73,68,48,88,89,95,81,62,62,75,94,69,68,64,80,65,65,78
73024401,71,80,73,80,112,62,68,48,74,66,77,73,69,54,74,73,68,63,55,79,84,80,73,71,62,67,94,87,68,75,80,65,65,89
31508401,98,82,82,90,108,81,78,76,110,109,82,73,89,85,70,104,68,73,86,68,68,143,82,56,67,74,106,86,74,96,81,130,68,103
73301001,124,110,,,,99,110,,,,,,,,,,,,,,,,,,,,,,,,,,,
99130416,112,98,93,126,108,84,79,77,65,111,81,70,71,88,71,73,73,73,55,54,74,143,123,60,89,74,66,86,75,87,84,80,90,143
05061400,123,110,158,,,98,110,,90,123,158,77,134,130,78,,136,,118,107,89,,97,87,124,,106,93,147,140,,,97,
74290002,72,105,124,80,149,82,107,93,90,121,118,79,117,110,117,115,115,124,104,78,84,98,91,81,120,75,95,87,115,147,124,156,97,133
73280403,65,51,72,78,63,55,41,32,23,51,72,44,68,46,65,38,67,46,48,88,76,79,73,56,61,52,63,55,62,64,57,64,64,56
73143003,72,98,83,91,108,82,73,179,113,130,87,71,101,121,114,62,166,74,48,89,89,95,80,64,97,76,96,69,69,95,122,68,66,95
06163400,122,133,85,,,84,130,98,126,139,87,108,106,120,,113,,100,86,115,108,,111,84,96,106,,87,80,137,,109,129,106
73123401,115,105,72,91,144,80,73,71,90,98,113,77,68,70,74,63,111,66,104,106,84,98,92,81,83,75,93,86,63,98,123,131,71,98
74279400,99,82,80,80,144,80,73,75,75,98,87,77,71,70,74,63,82,66,57,88,84,98,70,81,87,77,93,86,68,74,80,65,71,99
73187002,121,105,124,,,81,108,97,96,121,158,77,110,85,76,139,115,124,110,106,84,,92,81,89,85,96,92,115,116,123,130,85,98
04193008,71,130,95,95,149,81,73,94,112,131,96,73,70,123,78,65,144,76,55,89,91,98,97,87,89,80,105,87,79,117,122,86,65,82
203000402,98,83,73,91,128,81,78,94,103,108,145,94,,110,72,117,68,89,,145,72,187,99,83,128,149,147,87,78,116,166,130,101,137
74191001,122,106,150,,,82,,,,,,80,,75,116,127,111,125,138,107,87,,99,82,124,106,107,92,115,137,163,131,90,130
38191402,65,51,39,78,64,53,34,32,21,51,72,64,67,34,62,38,68,50,48,55,64,77,73,56,50,53,63,55,62,64,35,64,64,56
74215400,72,61,72,80,112,62,73,48,67,55,77,72,68,58,66,63,68,66,51,78,83,80,70,57,83,52,94,64,63,64,80,65,65,83
06163005,123,133,115,,,83,129,,126,139,86,109,106,120,,114,,100,172,115,89,,112,87,124,87,,103,109,141,158,,129,108
09029401,98,83,82,90,128,81,75,76,90,109,82,74,88,85,70,77,68,89,86,68,75,157,99,61,89,66,106,86,74,96,81,130,65,102
74286400,124,109,151,102,,133,,,,169,156,81,,85,117,,,,,142,96,,,95,124,,,157,,137,,,,
74032400,116,106,127,96,,85,108,148,90,122,118,79,104,74,77,117,111,125,135,106,84,144,93,82,122,85,104,91,80,137,132,126,88,129
65188400,98,82,127,91,112,86,75,94,113,109,132,94,89,85,72,112,68,88,86,70,85,168,99,61,89,149,106,88,74,97,158,106,90,143
06094400,79,131,85,115,,84,129,,111,138,87,77,105,120,78,113,,100,117,114,91,,123,87,93,80,,97,108,141,158,109,99,108
73194400,65,51,71,80,64,55,59,45,50,51,73,44,68,54,65,59,68,63,48,79,84,79,73,70,61,53,94,64,62,72,80,65,65,83
73206003,65,51,71,78,64,55,34,32,45,51,73,44,69,48,63,37,66,63,48,79,84,79,73,58,61,53,94,56,62,65,79,64,50,55
20124402,124,130,135,141,,87,165,173,113,,151,118,105,81,120,146,103,118,137,115,81,,99,83,121,106,149,153,145,149,179,131,154,
203000461,144,,,,,98,142,,114,,145,122,,,,,,,,,,,,146,,,,,,,,,116,
204041101,98,131,83,90,,84,129,97,113,139,85,77,71,120,78,83,144,76,86,88,91,,113,87,89,80,,86,77,87,158,83,65,77
65388402,98,82,82,91,108,81,75,76,66,108,81,71,89,84,71,76,68,80,86,68,74,143,82,61,67,67,96,86,74,97,80,82,67,85
74056402,115,82,124,80,144,82,73,71,90,120,158,77,109,73,76,73,115,81,87,106,84,159,73,81,89,78,95,87,79,107,122,69,72,98
74085403,72,61,72,80,108,62,73,48,74,98,112,73,68,58,73,65,68,66,52,78,84,95,73,71,83,67,94,64,63,75,80,65,71,95
06127001,149,,,,,,,,,,,,,,,,,,,,,,,,,,,,,,,,,
65017400,98,82,124,91,148,86,75,97,113,109,130,71,73,85,72,112,68,84,86,70,85,187,99,61,89,129,106,86,74,97,158,130,90,143
38472403,99,103,124,80,162,81,107,94,74,121,118,77,90,72,77,104,82,125,111,106,84,143,92,82,121,74,95,86,115,116,123,133,64,97
204070411,72,82,80,80,145,81,73,72,90,109,102,77,90,73,77,76,86,91,104,88,84,98,73,81,89,82,96,76,78,136,122,252,88,-1
74058403,99,105,124,80,149,82,75,147,81,121,118,78,90,73,76,76,82,124,87,78,84,144,92,82,89,83,96,88,80,107,123,69,85,99
73306005,118,106,124,91,,84,108,,96,121,,77,117,130,152,,157,,135,106,89,,93,83,89,83,96,92,109,116,124,133,97,99
09023400,121,110,151,96,,98,133,97,114,109,130,97,132,87,117,,68,117,92,69,86,143,100,83,127,169,149,87,74,112,174,130,146,141
38442401,99,99,115,80,149,81,74,93,74,121,87,77,89,72,76,104,82,118,111,88,84,122,91,81,121,75,95,86,79,98,80,133,84,98
73230002,121,106,124,95,,81,107,96,90,121,,77,137,130,77,140,,142,135,107,84,,93,83,124,,96,87,144,137,124,133,90,99
73232004,64,51,71,80,81,55,59,45,65,65,75,57,69,54,65,59,68,63,48,78,84,80,73,62,61,53,94,61,62,72,80,53,64,55
73132403,72,82,123,80,144,81,73,48,74,116,116,77,69,73,75,62,111,103,108,87,84,115,91,80,89,75,95,88,74,107,122,125,72,97
31221401,95,82,81,90,108,81,75,31,49,108,82,71,81,84,68,77,68,66,83,68,68,95,59,56,66,53,65,85,70,87,80,69,65,55
05026400,107,123,149,,,84,74,93,103,131,118,77,106,,99,65,,117,117,115,91,,97,89,89,75,105,93,109,,123,,98,99
05139006,123,107,151,,,84,110,,97,131,,,,130,78,,,,118,165,89,,97,87,124,,106,87,149,142,,155,97,
73157401,65,81,72,80,108,57,73,32,51,65,73,71,70,60,76,63,73,68,48,88,89,95,81,62,61,53,94,64,65,64,80,65,65,58
73304008,64,53,71,80,64,55,62,46,65,65,75,57,69,54,65,64,68,63,48,78,84,79,73,62,61,67,94,61,63,72,80,64,64,55
203000408,113,73,92,213,77,185,73,92,113,138,85,70,66,119,201,65,157,73,54,139,118,205,107,59,110,85,216,95,115,88,122,80,100,140
04073400,71,130,94,175,149,81,73,94,112,131,96,73,71,123,78,65,144,76,55,89,91,98,97,87,89,80,105,87,80,136,122,131,97,83
73132400,72,82,123,80,144,81,73,48,74,116,116,77,69,73,76,76,82,88,109,78,84,122,92,80,89,75,95,88,74,107,110,125,72,97
05079402,65,51,72,78,64,53,41,45,21,51,72,67,68,60,65,38,68,63,48,88,72,77,73,56,61,53,63,55,63,64,173,64,128,56
73004401,99,82,115,80,144,62,73,75,74,97,87,77,71,72,76,73,82,88,86,88,84,122,82,80,89,67,95,86,74,99,122,133,72,95
38253407,64,49,25,30,57,29,24,26,21,12,7,19,40,10,18,18,20,4,33,35,84,121,73,56,50,33,48,64,33,63,32,42,64,55
66082001,145,,,,,98,133,,114,,,,,159,,,,,,165,95,,,103,128,,,135,77,150,,,146,
66004400,114,98,101,96,129,84,78,76,65,110,85,70,88,87,71,112,70,73,83,69,72,198,185,61,90,75,65,86,74,87,84,83,65,77
74037002,124,110,,,,,,,,,,,,132,117,,,,,115,87,,,99,124,,,135,,137,,,,
73040005,72,104,79,96,146,82,73,73,96,98,87,77,102,72,78,65,115,88,48,88,85,144,73,81,89,75,96,86,69,134,85,110,66,95
203000451,123,130,,109,,98,89,97,114,122,130,73,109,110,71,112,76,89,92,91,92,168,124,89,110,149,,87,76,136,158,134,105,
203025064,95,98,103,96,108,84,89,94,110,109,90,95,70,109,72,112,72,74,86,91,91,143,99,59,89,107,106,86,77,91,84,130,88,140
06056400,72,131,83,90,,84,74,97,113,138,86,79,105,120,114,66,,81,172,88,104,,123,87,92,80,,86,108,137,158,154,99,152
05101400,122,110,141,,,84,110,,90,131,118,77,106,130,,113,,,129,107,91,,92,83,111,85,104,93,118,,124,,97,150
05027401,71,81,72,80,108,80,73,45,74,65,86,70,68,75,76,62,74,69,51,88,89,95,80,64,89,67,94,64,69,64,122,64,91,83
38375400,99,103,141,80,,82,74,93,83,122,118,77,109,72,78,114,144,140,134,106,88,143,92,83,121,75,96,87,115,137,124,154,97,99
65329400,98,98,150,91,,97,110,97,113,108,130,114,116,88,72,,68,117,111,109,85,198,99,61,128,165,106,88,74,116,166,130,88,140
73040400,105,103,82,80,146,81,75,73,96,98,87,77,102,72,78,65,115,88,48,88,84,143,73,80,89,75,96,86,69,134,84,110,65,95
05120401,115,115,89,,,87,75,94,96,131,119,78,106,147,99,65,157,95,57,107,91,144,92,87,89,85,104,93,108,136,123,131,91,99
73144405,64,61,72,80,63,55,41,32,49,51,73,44,66,54,63,44,71,68,48,88,89,79,73,57,50,53,63,56,65,64,57,42,65,56
09285400,95,83,82,80,127,81,64,32,49,108,81,71,88,71,65,113,67,66,83,67,68,142,97,61,64,59,105,85,73,95,80,130,64,96
05119401,71,74,94,91,146,81,73,72,90,65,87,70,68,114,78,62,116,74,55,88,91,97,81,83,89,59,101,86,79,64,123,64,97,83
05007001,71,110,145,,,82,73,94,103,131,118,71,106,147,102,65,,74,57,88,89,98,92,83,89,85,103,88,109,137,123,154,99,83
05027002,71,81,72,91,108,82,73,32,51,65,77,70,70,73,73,62,71,73,48,88,89,80,80,62,61,53,53,55,74,63,122,55,50,55
203000444,95,98,102,91,108,81,79,92,113,109,90,70,85,109,71,112,76,73,57,91,72,95,99,59,88,68,106,86,74,87,84,82,84,138
74236401,72,61,72,80,108,62,73,48,74,98,77,73,68,58,73,65,68,66,52,78,84,95,73,72,83,75,94,64,63,75,80,65,71,95
74014400,116,105,124,95,162,80,73,145,100,108,116,77,69,72,74,63,82,66,57,78,84,140,70,81,89,104,95,86,68,116,80,125,71,99
04136001,149,,,,,98,,,,,,,,,,,,,,,,,,,,,,,,,,,,
20341001,,,,,,,,,,,,,,,,,,,,,,,,,,,,,,,,,,
74056406,60,48,39,29,35,54,34,27,23,13,2,20,40,10,29,28,52,45,32,55,51,79,70,17,45,23,35,43,39,50,35,54,51,55
06119001,123,133,134,,,,,,,,,,,,,114,,100,172,115,91,,123,87,124,87,,103,109,141,158,,129,108
66204400,98,98,102,173,116,98,78,77,66,111,82,73,86,90,71,111,71,84,90,68,68,198,99,61,127,149,65,86,75,88,84,91,96,143
73023401,72,81,72,80,108,57,73,48,83,65,77,71,115,70,78,64,118,68,48,88,89,95,81,62,83,75,94,69,68,69,122,65,65,83
38253404,118,106,141,80,,82,108,93,90,130,96,77,109,130,78,73,,141,110,88,84,143,92,83,89,75,96,87,109,116,123,133,88,98
05098402,71,111,94,91,149,82,73,94,90,131,87,77,70,110,78,65,144,76,55,88,91,96,92,83,89,78,105,87,79,116,122,133,97,83
06094401,98,131,83,90,,84,129,,114,138,87,77,71,120,78,83,144,81,138,114,91,,113,87,102,80,105,86,108,137,158,109,99,108
38006400,118,106,124,80,162,81,65,93,83,119,87,77,89,73,77,73,111,88,110,88,84,122,83,80,89,75,95,86,69,98,122,154,85,83
73123400,116,106,125,96,149,85,108,,90,121,158,77,136,73,77,116,115,124,135,106,84,,93,81,106,85,96,92,109,116,123,125,85,128
38052400,124,,,,,,,,,,,,,,,,,,,139,120,,,99,,,106,131,,137,,,97,
38472400,118,103,127,80,,81,107,147,74,121,118,77,90,72,77,115,105,125,111,89,84,143,71,81,89,75,95,87,79,116,123,133,88,99
38548001,124,109,158,,,81,109,,,,,,,147,117,,,,138,115,116,,,91,128,,118,133,79,140,,,105,
65017403,97,82,81,91,108,81,75,75,65,109,81,71,82,84,71,72,68,73,83,69,72,95,99,60,65,60,94,88,74,95,81,82,68,102
38567404,99,81,115,80,146,81,65,93,83,119,87,77,89,73,77,73,112,88,86,88,84,98,91,80,89,75,95,86,69,98,122,131,85,83
05161402,71,81,84,91,108,80,73,45,59,65,87,70,66,123,73,62,119,72,55,88,85,77,80,57,50,53,53,64,68,63,80,41,64,82
73257405,71,54,72,80,108,55,64,46,66,65,73,64,68,54,65,63,68,63,52,78,84,93,73,71,62,53,94,61,64,74,80,65,65,85
203025046,98,130,134,127,,98,89,97,114,122,85,73,105,92,71,112,103,88,168,139,92,,123,88,111,149,,135,76,150,,135,116,
26168001,142,106,,,,98,,,90,,,,,,99,,,,,115,117,,132,87,124,,108,135,125,140,,,103,
64320400,112,74,127,80,62,132,64,75,110,108,122,114,71,129,71,59,134,66,51,68,68,95,82,56,89,68,92,86,74,91,80,82,65,85
04205001,123,,,,,87,,,,,,,,,116,,,,,,,,,99,128,,,,,,,,,144
74085404,70,54,72,80,64,57,68,45,66,51,73,58,68,58,65,62,67,45,49,78,84,80,71,56,82,67,94,64,62,64,80,65,65,83
05093403,71,82,72,80,108,80,73,48,83,65,96,70,68,85,76,62,74,72,55,88,89,95,80,71,89,67,94,64,69,64,123,64,91,83
73206400,72,103,124,80,162,82,73,75,90,120,155,77,91,73,78,123,82,124,111,89,87,122,92,81,89,83,95,88,74,116,109,130,85,97
05119402,71,98,94,142,149,81,73,94,90,109,87,71,68,110,78,62,144,74,55,88,91,97,81,83,89,75,104,86,79,116,123,64,97,83
05177401,71,73,94,91,108,81,73,48,90,65,72,70,68,110,76,62,144,73,48,88,91,92,81,62,89,59,101,70,78,64,123,64,85,83
73015400,118,82,124,80,146,81,73,92,90,120,98,77,91,73,78,76,112,88,110,88,87,98,73,81,89,82,94,88,69,105,80,131,84,97
74238401,72,82,72,80,144,80,73,75,75,98,87,77,68,70,73,63,82,66,57,78,84,98,70,81,83,77,92,86,68,74,80,65,71,98
06056005,72,98,83,90,81,81,73,94,90,138,86,73,70,120,73,76,71,76,86,88,91,143,97,83,88,79,105,86,108,136,122,84,64,80
65192006,98,82,73,90,108,81,64,75,49,108,81,71,81,84,71,72,68,73,83,69,69,95,99,60,65,60,95,87,74,95,81,64,104,79
26290400,124,103,151,95,,82,109,97,83,121,158,78,134,85,77,,115,129,111,115,84,,97,83,122,84,107,87,142,137,183,,72,106
66124401,118,105,129,96,227,98,79,97,113,110,85,73,108,87,71,112,70,88,91,69,74,199,100,71,120,169,107,87,74,98,84,106,90,141
04115001,126,131,,,,98,,,,,145,,,,,,,,,,,,,87,124,,,,,,,,,
99130408,113,111,105,94,109,98,89,97,113,111,86,94,105,110,71,128,73,73,86,91,87,143,99,61,90,87,106,90,76,98,82,83,99,141
65032004,97,74,73,90,63,81,64,32,49,108,77,70,71,72,70,65,68,66,51,68,68,95,83,56,65,60,64,86,74,87,81,64,65,102
38128001,,,,,,,,,,,,,,,,,,,,,,,,,,,,158,,,,,97,
38395404,118,106,141,80,,81,107,94,83,121,155,77,109,74,77,115,115,125,111,106,84,144,92,81,122,82,101,87,115,137,132,133,89,130
203000468,95,98,85,91,108,81,79,92,113,109,90,70,85,109,71,104,180,73,55,139,128,143,124,59,111,74,,104,113,174,124,82,100,139
73306003,118,106,149,,,81,75,93,90,122,97,79,106,95,78,80,119,117,86,107,89,143,92,83,89,85,96,92,115,116,124,133,97,99
74266001,123,106,150,109,,100,110,,,122,,80,,85,117,,,,,115,96,,100,96,124,,107,92,137,137,,,98,
66124402,119,103,129,96,227,98,78,97,113,110,85,73,108,87,71,112,70,88,91,69,74,199,99,71,122,,,87,74,,,192,146,141
05096404,71,53,73,91,77,53,72,45,83,51,86,70,68,72,65,60,119,72,55,88,89,92,80,57,88,67,94,69,107,63,122,67,83,57
73318400,99,82,124,175,,81,73,72,90,121,118,77,109,73,78,127,115,124,135,88,85,143,92,81,89,130,96,87,69,116,124,133,85,97
05085402,65,54,72,80,108,57,59,32,29,51,73,70,67,63,65,59,71,68,48,88,89,77,73,57,61,53,63,55,68,64,80,64,85,56
09193401,112,98,139,90,128,88,75,97,114,109,128,96,109,85,71,117,68,89,92,69,85,157,202,65,127,141,106,87,74,96,84,130,90,141
66124004,122,109,134,96,,81,109,95,113,126,130,72,108,87,71,112,70,126,92,89,86,,100,72,128,169,149,92,76,116,84,130,90,143
65388406,95,82,81,90,108,81,64,32,49,108,81,71,81,74,70,76,68,77,86,68,69,95,82,56,67,60,94,86,74,94,80,82,65,80
74063403,72,61,79,78,116,62,68,71,74,97,77,73,68,70,66,63,68,64,52,78,84,98,70,78,83,75,92,64,68,64,80,65,65,98
73054401,72,61,72,80,112,57,68,48,71,97,77,73,69,59,73,76,68,63,55,78,84,80,73,77,82,75,94,70,65,116,80,65,66,86
73071403,64,48,36,35,63,54,34,27,21,12,57,20,40,26,24,28,52,45,33,54,84,79,72,56,61,52,65,55,38,63,40,42,64,55
65032001,,,,,,,,,,,,,,,,,,,,,,,,,,,,,,,,,,
65188003,98,110,150,96,,,,,,,,,,,,,,,,,85,,124,146,150,,,92,78,117,158,130,101,141
05031001,122,115,,,,98,111,,96,,96,,,130,,114,,,118,107,91,,98,83,108,88,109,94,118,116,124,,99,106
73304403,64,51,71,72,64,55,34,32,26,51,73,44,69,33,62,28,66,46,48,78,84,79,73,58,61,53,65,56,62,64,79,64,65,56
09290400,146,,,,,98,,,,,,,,130,,,,,,165,,,,,,,,153,,,,,,
73176400,115,81,123,80,144,60,73,48,75,109,77,77,71,62,76,76,112,76,86,78,84,95,73,80,89,82,94,87,69,107,122,133,72,95
04019404,71,82,94,91,149,81,73,94,96,109,96,71,70,117,78,65,113,74,55,89,91,98,97,83,89,80,105,86,108,116,122,84,97,82
05023001,123,,,,,99,,,112,131,119,77,122,130,,,,,129,88,91,,98,83,89,85,101,94,115,116,124,133,99,105
74056401,70,61,72,80,108,57,73,45,70,51,76,72,68,58,65,62,67,45,49,88,84,80,73,56,83,68,94,64,62,74,80,65,71,90
204042331,123,133,153,,,84,140,,126,,119,121,,121,,114,,128,117,115,91,,123,87,124,90,,86,77,95,158,80,65,80
09135401,112,110,150,96,,98,131,97,113,109,155,122,89,86,74,,68,126,111,88,86,,99,83,127,,149,87,74,116,125,131,89,141
04019402,71,108,94,175,149,81,73,94,96,99,96,71,70,130,78,65,144,74,55,89,91,98,97,83,89,79,105,86,79,136,122,84,97,82
06056001,122,131,,,,,130,,,,,,,,117,114,,127,,115,91,,123,87,124,87,,103,115,,,,178,
73257401,65,51,72,80,64,55,62,45,65,51,73,58,68,54,65,63,68,63,48,79,84,79,73,64,61,53,94,64,62,72,80,65,65,85
09139001,144,,,,,,,,137,109,,,,,,,104,147,112,141,86,,132,84,127,,149,87,74,116,133,131,89,141
203000467,95,98,103,91,108,83,89,94,113,109,85,70,85,109,71,112,76,80,83,118,73,143,99,60,89,74,106,86,74,87,118,82,84,140
05023404,117,107,141,176,,84,110,,90,131,119,77,122,130,,,,,129,106,91,,98,83,89,85,103,94,115,116,124,133,99,105
203025045,117,98,103,127,112,84,79,94,113,110,85,72,71,109,72,111,73,74,86,91,84,157,119,58,89,60,106,86,74,98,84,110,90,103
04019400,122,,141,116,,84,129,,113,139,118,77,106,130,78,83,,124,137,107,91,,98,87,110,85,105,93,108,137,158,,99,108
04173001,149,,,,,98,,,,,,,,,,,,,,,,,,99,124,,,139,,,,,,
38439400,72,99,115,80,149,82,74,93,83,121,116,77,90,73,78,76,103,124,86,89,84,98,92,83,89,75,95,87,79,116,80,69,88,99
38375001,72,104,141,95,,81,73,93,83,122,118,77,109,72,78,114,144,140,134,106,88,143,92,83,121,75,96,87,115,137,124,154,97,99
06120403,113,131,85,,,84,130,,114,162,118,77,106,120,78,114,157,100,138,115,91,,123,87,108,80,,103,108,141,158,109,129,148
05064001,122,107,150,,,81,110,,90,131,158,78,134,123,78,,,140,118,107,89,,93,83,124,,104,87,134,137,,,97,144
09139401,98,98,82,90,128,81,75,76,113,109,92,73,89,85,71,77,68,89,86,68,85,157,99,65,90,141,106,87,74,96,81,130,65,103
66082400,126,112,150,109,,98,109,156,114,110,143,97,140,88,104,132,71,92,92,98,92,143,100,91,123,109,107,94,76,114,84,130,101,131
73150400,71,80,72,80,112,62,68,82,74,108,77,73,68,72,76,64,68,63,57,88,84,80,73,71,61,75,94,87,68,107,80,65,64,97
38567405,72,54,72,80,112,62,65,48,74,70,77,73,69,72,73,63,68,75,58,88,84,79,68,56,62,52,93,64,64,72,80,65,65,83
05114401,71,73,94,91,108,74,72,48,83,65,87,70,68,100,73,62,119,72,55,88,89,143,80,71,89,59,94,70,69,64,122,64,97,82
09206001,,,,,,,,,,,,,,,,,,,,,,,,,,,,,,,,,,
09029001,,,,,,99,,,,,,,,,,,,,,145,,,,103,,,,134,,,,,,
20359004,,,,,,,,,,,,,,,,,,,,,,,,,,,,,,,,,,
73034400,99,105,124,96,146,99,75,147,90,120,118,79,91,73,77,115,115,124,110,78,84,140,93,81,89,85,95,88,134,116,123,131,88,99
38191401,72,80,72,80,108,70,73,48,83,69,77,77,71,73,76,63,112,81,55,88,84,95,73,71,62,68,94,70,68,74,80,130,72,82
65481401,98,82,73,91,108,81,75,75,49,109,81,72,82,85,71,79,68,74,86,68,68,98,99,57,65,67,106,86,74,95,81,82,67,84
99130405,105,105,103,101,108,84,89,94,113,111,85,70,92,88,99,105,73,73,86,90,121,187,99,60,90,79,107,92,76,116,84,83,96,103
38548003,124,106,158,109,,98,110,,90,121,158,121,,87,77,,,,138,115,95,,,99,124,,117,132,79,137,,,104,130
74208004,99,106,124,92,149,82,107,93,96,121,116,78,91,73,77,76,86,91,110,88,84,98,92,81,105,85,96,92,115,116,123,128,85,99
31221400,98,98,150,92,,98,110,156,114,109,154,114,115,109,72,148,157,126,111,109,85,,99,61,127,,,133,109,116,178,130,90,140
65099401,95,82,73,90,108,81,64,32,49,108,81,70,81,74,70,76,68,77,86,59,68,95,59,56,66,60,92,85,74,95,80,82,65,65
73023402,72,81,72,80,108,57,73,45,67,65,73,71,71,70,78,64,73,68,48,88,89,95,81,62,62,75,94,69,68,64,80,65,65,83
05153400,113,106,94,175,148,81,73,94,90,120,96,77,68,123,78,65,144,72,57,88,89,143,81,83,89,75,96,86,108,116,123,152,97,82
74134002,118,106,127,177,,81,108,,111,121,,78,137,73,99,127,111,124,135,107,84,,97,81,122,,96,92,115,137,132,132,97,129
73038400,71,77,72,80,108,57,68,48,74,65,76,73,68,58,74,63,68,63,55,78,84,80,73,71,83,75,94,64,68,74,80,68,66,86
04019001,165,,,,,98,,,,,,,,,,,,,,,91,,,88,124,88,,103,115,,159,,99,
66067402,98,98,85,140,76,98,75,40,49,110,81,70,85,92,71,111,71,79,75,68,72,157,105,61,67,89,63,59,76,88,84,81,100,55
05098400,116,,135,,,84,129,94,111,138,118,77,70,110,78,65,,88,86,88,91,122,92,83,89,85,105,96,108,116,123,154,97,105
66194002,,,,,,,,,,,,,,,,,,,,,,,,,,,,,,,,,,
38191409,65,51,72,80,64,53,57,45,29,51,72,70,68,60,65,59,73,63,49,88,84,77,73,56,61,53,63,61,63,64,80,64,64,56
38442400,99,82,141,80,112,62,65,93,74,116,77,77,79,72,76,73,73,117,110,88,84,122,82,80,122,75,93,86,69,98,80,133,65,97
66122001,147,,,,,100,142,,114,,,,,,,,,,,,,,,115,,,,135,,,,,,
73054407,72,61,72,80,108,57,68,48,71,65,77,73,69,59,73,76,68,63,55,78,84,80,73,77,82,75,94,87,65,105,80,68,66,86
203000409,95,98,124,96,108,118,118,70,114,110,116,70,105,85,72,112,157,74,83,91,85,143,99,59,88,129,,93,75,95,82,130,146,
05098001,122,,150,,,84,142,,96,131,118,77,106,130,78,114,,125,118,88,89,,92,83,89,85,105,93,115,137,124,,97,106
74014403,115,99,121,80,144,80,73,92,75,98,113,77,68,70,74,63,82,66,86,88,84,98,82,81,83,81,93,86,68,74,121,128,71,99
203000455,71,74,82,90,64,81,72,32,42,64,81,71,68,84,72,78,68,66,54,57,68,80,80,56,67,59,63,85,74,87,80,65,68,55
05132001,123,110,,,,98,,,112,,,81,,130,99,,,,119,108,89,,,94,124,,119,95,125,140,,,99,
73242001,122,106,124,91,,85,107,,97,121,,77,92,72,99,,,,135,107,89,,132,139,128,82,102,92,134,116,124,133,99,99
04193401,71,130,95,175,149,83,73,94,113,131,96,77,71,123,78,65,144,76,55,89,91,143,98,87,92,80,105,87,108,136,122,146,99,83
06073005,72,74,83,90,149,83,152,97,110,139,86,75,71,120,73,65,71,75,55,88,91,97,98,83,89,53,149,86,78,96,123,84,65,80
73227400,71,82,79,80,108,81,73,48,74,108,79,77,71,72,76,65,71,75,58,79,84,79,73,76,89,75,94,87,69,105,80,65,65,96
73098001,122,106,149,,,81,108,,112,121,,77,,147,94,,115,140,111,115,84,,99,83,124,106,105,92,115,137,183,134,90,133
73206401,71,80,72,80,108,62,68,48,74,69,77,77,69,63,76,74,73,63,55,79,84,95,73,80,89,75,94,87,68,107,80,69,71,86
74033401,72,59,72,78,112,62,68,48,74,97,77,73,68,70,69,63,68,64,52,78,84,98,70,78,83,75,92,86,68,64,80,65,65,98
05157003,65,54,39,91,63,53,34,32,29,51,72,34,65,34,49,39,70,72,48,57,65,79,80,57,50,53,53,55,65,63,41,64,64,55
04193400,71,108,95,175,,83,73,94,103,121,96,73,71,131,78,65,,76,55,89,89,96,92,87,92,80,104,86,80,137,123,154,97,83
38186400,124,103,153,95,,82,109,,112,121,157,121,134,130,77,,115,129,136,109,84,,97,83,124,,107,87,144,137,183,133,85,128
05133400,71,106,94,91,146,81,73,48,83,109,96,70,68,130,78,62,143,72,57,88,91,122,80,83,89,67,97,70,108,136,124,131,97,82
203000406,95,73,84,90,108,81,89,92,84,109,82,70,66,85,72,61,68,73,51,68,68,95,99,59,65,59,107,87,74,63,91,67,90,82
74258400,99,82,115,80,144,80,73,93,75,104,116,77,71,72,74,63,82,66,57,78,84,98,70,81,89,77,96,86,68,75,80,65,71,99
06070001,113,131,,,,,,,,,144,117,134,121,117,114,,140,,115,91,,123,87,124,87,,103,108,,,109,178,
38021400,124,103,153,95,,82,109,97,83,121,158,78,134,85,77,,115,140,111,115,84,144,97,83,124,132,107,87,118,137,155,133,85,106
73047401,72,82,72,80,112,74,75,49,96,78,102,71,90,85,78,73,73,76,48,88,89,98,73,80,89,76,95,87,69,105,82,121,67,83
74058400,72,82,80,80,144,80,73,145,75,108,77,77,71,73,74,63,82,66,57,78,84,98,70,81,89,75,96,86,68,75,81,65,72,99
20124401,124,130,128,109,127,87,141,149,113,182,141,118,110,81,77,118,103,94,99,107,83,108,73,83,121,103,107,88,80,116,132,108,105,142
66062001,,,,,,100,142,,114,,,,,130,,,,,92,,,,,,,,,,,,,,,
31508400,124,,,,,98,,,,,,,,,,,,,,145,,,,158,,,,133,,,,,,
06073405,72,131,83,90,149,84,73,96,113,139,85,75,71,120,78,80,144,76,86,88,91,143,112,87,89,76,,86,80,96,123,84,65,80
64040401,118,83,121,91,128,84,78,97,110,108,130,94,220,110,73,117,68,126,111,69,76,187,99,82,125,165,147,122,74,92,166,130,126,134
05079400,71,73,72,91,77,62,73,45,60,65,86,70,66,123,66,62,143,72,48,88,89,77,80,58,61,53,53,64,68,63,122,64,84,82
74056405,99,80,72,92,63,55,59,45,103,119,76,72,93,58,76,103,156,73,86,106,94,80,82,80,89,77,94,64,124,136,79,154,88,91
65059403,70,61,38,78,62,60,39,31,21,48,70,30,65,30,62,38,68,88,49,139,68,172,184,140,61,52,106,54,69,63,80,64,64,56
38191400,72,81,115,80,144,80,73,72,90,108,87,77,71,73,77,73,115,81,86,106,84,95,82,80,89,75,94,70,69,98,80,130,85,82
203000445,95,98,124,96,108,84,110,94,113,109,126,95,105,110,71,115,76,80,90,91,92,143,99,61,89,112,106,92,80,95,124,130,88,140
09023401,112,98,141,90,128,88,92,97,114,110,130,97,134,85,76,119,68,89,92,69,86,157,100,71,127,141,149,87,74,116,84,131,90,141
74190401,72,61,79,78,123,62,68,71,74,97,77,73,68,70,66,63,68,64,52,78,84,98,70,78,85,75,92,64,68,64,80,65,65,98
66082401,117,98,124,96,129,98,78,94,113,110,85,73,89,87,71,112,70,84,90,69,73,199,185,71,90,149,75,86,74,98,84,83,65,103
73071402,64,48,124,34,146,52,34,27,21,12,6,20,40,10,24,28,2,22,33,43,50,71,23,11,50,23,48,22,34,64,32,41,50,55
73054002,118,105,124,109,162,82,108,93,97,121,,77,136,123,99,123,115,124,110,89,84,122,92,81,89,85,95,92,115,116,123,128,85,98
73071405,71,80,72,80,108,62,68,48,74,78,107,77,68,70,77,73,82,63,86,88,84,95,73,80,89,76,94,87,68,105,121,130,71,89
05085400,115,106,126,,144,82,109,93,96,120,96,70,104,147,99,62,157,72,48,88,89,95,80,83,89,75,96,69,114,,124,128,91,83
74258002,124,110,,,,,,,,,,,,147,,,,,,142,137,,,140,,,141,131,,,,,,
203000448,123,109,163,96,,86,204,,113,,155,,,129,,,,149,117,165,84,,,83,133,,,134,139,138,,,152,
38163006,72,51,72,80,63,55,59,45,70,65,72,44,68,54,66,63,68,63,51,79,64,77,68,56,61,52,92,55,62,64,57,65,64,55
203000466,75,98,93,173,76,81,79,58,56,92,85,70,85,92,71,111,72,74,50,91,72,157,111,57,103,89,62,86,76,87,125,83,100,59
74034001,124,110,,,,,,,,,,,,,,,,,,,,,,,,,,,,,,,,
38006401,72,51,72,80,112,62,65,48,74,70,77,73,69,70,76,63,68,75,58,88,84,79,68,56,62,52,93,55,64,72,80,65,65,83
73206402,118,105,142,80,149,99,74,75,90,121,118,77,91,73,78,76,112,104,110,89,89,122,92,81,107,85,95,88,115,116,123,131,85,98
26059001,124,110,,,,81,,,131,,,,,147,77,,,,140,145,97,,,158,122,,,154,74,137,,,147,129
09206002,121,110,175,96,,98,133,156,114,110,157,97,,87,117,147,68,125,111,106,85,144,99,83,126,81,149,87,74,117,135,131,146,141
74063002,116,106,127,96,,81,108,93,100,121,116,78,109,74,76,116,115,124,135,107,84,,97,82,107,106,104,92,89,137,124,128,88,129
05063402,64,48,25,30,36,41,27,21,21,12,7,19,40,10,18,19,20,4,33,54,47,198,80,56,156,52,108,69,61,63,182,41,64,78
64542400,118,82,81,91,,84,75,136,103,108,140,114,222,109,72,117,68,126,111,109,84,187,99,71,128,165,106,88,74,95,166,82,101,141
99130411,95,83,85,109,66,84,78,33,49,109,81,71,70,87,49,65,73,67,55,57,74,95,100,57,67,59,64,86,74,87,80,80,65,141
38264400,99,106,158,141,,84,107,,111,122,154,77,134,85,78,76,115,125,118,88,84,,92,83,122,85,96,93,134,137,163,131,90,99
99130421,112,98,93,126,76,84,79,33,56,110,81,70,71,88,71,65,73,67,55,68,74,143,123,60,89,112,64,86,75,87,84,105,146,106
74187001,124,109,158,,,81,,,,,,,,147,117,,,,135,141,84,,,90,109,85,101,92,115,137,124,130,88,129
05063403,99,81,115,80,146,81,73,92,90,120,87,77,90,73,78,73,115,88,110,88,84,122,82,83,89,75,96,86,109,116,122,133,88,82
203000447,95,83,73,90,122,81,75,94,90,108,130,76,89,85,71,105,68,74,86,139,84,95,99,58,89,67,106,87,74,91,122,82,90,102
64320402,124,127,176,91,,86,130,,113,109,,,,129,73,148,157,126,111,115,84,,,83,128,165,149,133,140,136,178,130,116,141
74014402,72,80,79,80,144,80,155,71,111,98,87,77,68,70,73,63,68,66,57,78,84,98,70,81,83,77,92,86,68,74,80,125,71,98
26074001,126,110,,,,98,,,113,123,,,,,118,,,,,115,118,,,99,,,,157,,,,,,
74014404,99,106,125,92,149,82,108,147,81,122,118,78,102,73,77,115,112,125,135,115,84,,97,81,122,,96,87,134,137,181,125,85,128
04006006,98,131,83,175,148,81,129,94,113,138,86,75,71,120,78,76,144,81,86,107,91,,98,87,88,79,105,86,108,136,158,77,69,57
73144404,72,81,72,80,108,57,73,48,90,65,77,71,89,72,78,64,82,68,48,88,89,95,81,62,62,75,94,69,69,69,80,65,65,83
73221001,123,106,149,,,133,107,,90,121,118,77,115,85,78,127,115,142,135,107,87,143,97,83,124,106,101,92,115,116,124,133,90,99
38253405,72,80,79,80,108,70,73,48,83,69,77,77,71,73,77,64,115,75,55,88,84,93,73,57,83,67,94,70,69,72,122,69,84,82
73206001,115,105,144,95,162,99,107,93,90,121,155,77,110,73,77,123,112,124,110,107,84,122,92,81,90,76,96,87,80,116,122,131,88,97
99130404,112,98,102,125,108,84,79,77,65,110,85,71,71,87,71,73,73,73,55,68,74,143,123,60,89,110,106,86,75,87,84,83,99,143
66147401,118,105,129,96,,98,79,97,113,110,85,73,109,87,71,112,70,89,91,69,74,199,132,71,121,168,107,87,74,98,84,106,90,141
66157001,147,,,,,133,142,,114,,,,,,,,104,,,145,,,,,,,,,,,,,,
06120401,72,74,83,90,81,81,73,94,90,97,86,70,70,120,73,76,71,76,86,88,91,143,83,82,88,76,105,86,78,116,122,84,97,82
05079001,118,107,135,,,82,,94,121,131,96,77,106,130,78,65,,117,110,88,91,143,80,83,110,90,101,93,109,,124,154,99,99
09206400,124,110,150,96,,98,119,97,114,110,157,98,140,87,76,146,68,125,111,69,84,144,99,83,126,75,149,86,74,116,166,130,91,141
20246001,,,,,,,,,,,,,,,,,,,,,,,,,,,,,,,,,,
05058001,99,107,94,95,,84,83,94,83,131,118,77,106,130,78,65,144,117,86,88,91,122,93,83,89,85,101,88,109,116,124,133,98,83
04006403,98,131,83,90,,84,129,,114,138,87,77,71,120,78,83,157,86,117,88,89,143,98,84,156,80,148,86,108,137,158,109,99,108
73013001,99,82,121,80,146,81,73,93,90,121,118,77,109,75,77,104,115,124,118,106,84,98,92,83,89,75,96,87,115,116,123,133,88,99
65188402,123,110,150,95,,98,131,,114,,157,,,129,73,,157,,,166,85,,,146,,,,140,139,150,176,130,115,
06094001,113,131,85,175,,83,,,,,,77,106,120,78,113,144,100,138,114,91,,123,87,102,80,,103,108,137,158,109,99,108
66004401,118,105,129,96,,135,79,97,113,110,85,73,108,87,71,112,70,94,91,69,74,,100,71,104,141,149,133,74,137,84,131,90,133
66220002,147,,,,,143,133,,,,,114,,92,,,103,,92,,,,,127,127,,,,,,,,127,
20031401,124,130,128,96,,87,141,149,113,178,139,77,105,81,77,107,103,93,99,107,83,108,73,83,121,81,107,88,80,116,132,108,91,142
204010222,118,106,143,177,,99,109,94,96,121,118,77,110,123,78,117,118,124,118,107,89,144,97,83,108,90,96,87,108,-1,-1,-1,99,-1
74191003,72,82,80,80,146,80,73,93,75,108,116,77,71,73,76,65,82,73,86,78,84,122,70,81,89,81,96,86,79,98,122,68,84,127
73197001,121,105,149,,,99,109,,96,121,,77,,147,100,,,,135,107,89,,97,83,124,106,96,88,134,116,124,,97,133
38527400,72,81,115,80,145,80,73,72,90,121,87,77,90,73,77,73,115,91,110,88,84,122,82,81,89,75,96,86,79,116,122,154,85,83
38040001,99,103,115,80,149,82,74,94,90,121,87,77,91,73,78,74,115,140,118,107,84,,92,83,102,84,96,87,134,137,124,154,97,99
05114002,122,,,,,84,130,,112,131,158,77,,110,78,79,119,100,110,88,89,143,93,83,89,85,97,93,109,116,124,154,97,105
20023401,124,130,133,96,,87,79,179,113,109,122,77,110,85,75,115,103,89,87,106,82,98,97,83,89,68,108,88,80,116,164,109,91,143
05157001,71,133,145,,,82,73,94,113,131,120,71,134,149,99,65,157,72,55,88,89,96,92,83,111,75,105,87,109,137,161,,100,99
38567407,72,51,72,80,108,62,65,48,74,65,72,73,68,70,74,63,68,75,52,79,84,121,68,56,62,52,92,55,64,106,80,65,65,81
05090002,117,107,150,,,98,110,,96,131,118,79,,110,78,114,,125,118,88,89,,97,83,124,132,104,94,147,137,,,97,105
05096401,71,73,94,91,108,80,72,48,83,65,87,70,68,100,73,62,119,72,55,88,89,96,80,71,89,59,94,86,79,64,122,64,97,82
65031001,,,,,,,,,,,,,,,,,,,,,,,,,,,,,,,,,,
66147001,114,110,,,,98,,,114,,148,97,,89,,,157,146,,,,,,,,,,,77,150,84,133,101,
06163401,98,131,83,90,,84,129,94,113,139,85,76,71,120,78,80,144,76,86,88,91,,113,87,89,80,,86,109,136,158,109,99,82
04019403,71,108,94,91,149,81,73,72,96,99,96,71,70,130,78,65,144,74,55,89,91,98,92,83,89,80,105,86,79,136,122,84,97,82
73235400,99,82,115,80,,81,73,72,90,121,155,77,90,147,78,127,82,124,86,88,85,159,92,81,89,77,96,87,115,134,123,130,85,97
204040011,117,133,135,,,84,129,,113,139,118,79,106,130,78,83,,117,137,107,91,,98,87,110,85,105,69,77,136,178,108,90,82
31404001,147,,,,,98,,,,,,,,,,,,149,118,145,,,,146,,,,133,,,,,,
20031001,,,,,,,,,,,,,,,,,,,,,,,,,,,,,,,,,,
74080403,99,82,80,80,144,74,73,75,74,108,87,77,68,70,73,64,82,64,57,78,84,98,70,80,89,67,94,64,68,75,81,68,71,97
05001400,72,110,89,175,146,82,73,179,83,120,104,71,70,124,78,62,71,73,55,88,91,98,81,83,89,75,104,86,78,136,123,83,91,83
65295401,98,82,81,91,108,81,75,76,112,109,122,94,89,85,72,104,68,80,86,69,84,143,99,61,88,75,106,88,74,97,81,82,89,103
05063407,71,51,69,80,64,53,57,45,29,51,72,70,67,60,65,59,73,64,51,88,64,77,73,57,50,52,63,55,63,64,80,64,64,55
38469400,118,106,141,175,,81,73,92,90,119,87,77,90,73,78,73,115,88,110,88,84,122,82,83,89,75,96,86,108,116,122,133,88,82
73150401,71,54,72,80,108,57,68,46,71,65,73,73,68,54,73,63,68,63,55,79,84,79,73,71,62,67,94,61,65,74,80,65,65,86
73132001,116,106,127,96,149,82,108,147,96,121,118,77,108,72,76,105,112,124,110,106,84,122,92,82,89,75,96,92,115,116,123,131,85,99
06094002,99,131,83,90,,84,129,,114,138,87,77,71,120,78,83,144,99,138,114,91,,123,87,102,80,,86,108,137,158,108,99,108
65099400,121,98,150,96,,97,204,,113,109,157,,,129,72,,157,126,117,110,85,,202,82,128,,149,133,139,117,,130,146,
05064400,64,51,35,80,63,53,40,45,21,48,72,70,64,34,48,38,118,69,48,88,72,77,80,57,50,53,53,55,64,63,80,41,64,56
99130406,117,103,103,109,108,84,89,77,66,111,85,71,71,88,71,73,73,73,57,69,74,143,100,60,89,130,107,86,76,116,84,83,99,106
74173001,118,106,141,99,,82,108,93,97,121,158,77,136,85,76,117,112,130,111,107,84,,97,81,105,85,96,92,115,116,124,133,88,133
06077006,123,133,135,,,84,131,,126,,119,121,,120,,114,,141,117,115,91,,123,87,124,87,,103,115,142,158,,,
05063406,72,103,85,80,149,82,74,94,90,121,87,77,122,130,78,,,99,112,88,84,122,92,83,89,75,96,87,80,116,123,133,88,83
65138402,98,82,81,91,108,81,75,76,111,109,122,94,89,85,72,79,68,79,86,69,84,143,99,61,67,75,106,138,74,97,81,82,89,102
38191002,99,81,80,95,146,81,107,93,96,121,87,77,109,72,77,115,157,85,110,106,84,122,92,71,89,75,95,70,69,107,122,133,85,82
31042403,98,82,82,90,108,81,75,32,49,109,82,71,89,84,70,77,68,66,86,68,68,95,74,56,67,60,92,86,70,87,81,82,65,85
204011751,71,106,84,80,146,82,73,73,90,121,97,77,91,85,78,65,115,73,57,88,89,96,82,83,89,75,96,69,69,136,122,64,63,78
31085400,98,106,150,95,,86,130,,113,109,157,,188,110,74,148,68,92,111,115,85,187,,83,127,165,149,87,74,116,178,130,146,141
73290002,121,106,143,,,98,108,,97,130,,77,,131,78,,,,118,107,89,,93,83,124,,96,88,115,,124,,97,99
26059400,122,103,141,91,,82,108,94,83,121,118,77,134,85,77,127,103,140,111,115,84,143,97,83,122,75,107,86,74,138,158,133,72,99
203000404,98,83,73,90,127,81,78,94,103,108,130,94,102,109,72,112,68,79,115,145,68,143,99,82,121,67,106,87,74,91,124,82,90,137
05096001,122,116,,,,84,110,,112,131,158,77,134,,99,,,100,118,107,89,143,92,83,89,85,97,93,109,116,124,154,97,105
65192001,,,,,,,,,,,,,,,,,,,,,95,,,103,128,,,134,140,137,,,146,
38264401,99,81,115,80,146,80,73,72,90,108,87,77,71,73,78,66,115,88,110,88,84,122,82,81,89,75,96,86,108,116,122,133,88,82
74056415,70,54,72,69,63,55,59,45,26,51,73,44,68,46,62,59,67,45,48,78,83,79,71,56,61,52,94,55,62,64,79,65,64,55
73040006,64,54,39,80,63,52,34,31,26,51,73,34,66,34,51,28,68,63,48,57,84,79,73,57,61,53,63,56,64,64,31,64,64,55
73034008,72,61,72,80,112,61,64,46,74,69,77,73,68,58,74,63,68,63,58,78,84,80,83,71,82,67,93,64,64,74,80,116,63,73
74173400,118,106,141,102,,99,108,93,97,121,158,78,136,85,76,117,112,130,111,107,84,,97,81,105,85,96,92,115,116,124,133,88,106
74238400,99,82,115,80,146,80,73,145,75,108,116,77,71,73,76,65,82,74,86,78,84,98,70,81,89,130,96,87,79,134,122,68,72,99
06116002,126,,,,,,,,,,,,,,,,,,,,,,,99,124,,,135,,,,,,
66154401,118,103,129,96,225,98,78,97,113,110,85,73,108,87,71,112,70,84,91,69,74,163,99,71,90,167,120,87,74,98,84,105,90,141
73056002,72,81,72,80,108,57,73,48,90,65,77,71,88,72,78,65,112,68,48,88,89,96,81,62,83,75,94,69,69,69,122,64,64,82
38469001,116,106,141,175,,81,73,92,90,119,87,77,90,73,78,73,115,88,110,88,84,122,82,83,89,75,96,86,108,116,122,133,88,82
09070400,98,98,127,90,128,87,130,146,113,109,155,96,109,85,76,148,68,89,108,68,69,198,99,71,121,165,106,87,74,96,84,130,89,139
09029400,124,109,161,96,,86,141,,113,109,,,,129,74,,68,126,111,115,85,,,83,127,168,149,87,75,117,166,130,89,141
20341400,79,62,83,81,64,71,66,72,65,108,73,77,70,73,64,63,71,67,57,86,81,96,73,58,89,66,96,87,69,75,122,68,72,79
05007400,72,108,89,175,146,82,73,93,83,119,104,71,70,147,78,62,71,73,55,88,91,98,81,64,89,59,103,86,78,116,123,83,91,83
73244001,122,106,125,,,82,108,,96,121,,78,116,72,99,,,,135,107,84,,93,83,108,90,95,92,134,116,124,133,97,99
31042407,98,83,82,90,108,81,75,32,49,109,82,72,89,84,70,77,68,66,86,68,68,95,73,56,67,60,106,86,74,87,81,82,65,56
74191406,72,80,72,78,112,80,68,71,75,98,77,77,67,70,73,63,68,66,57,78,84,98,70,80,83,75,92,64,68,74,80,65,71,98
65258001,,,,,,,,,,,,,,,,,,,,,,,,,,,,,,,,,,
73227401,71,54,72,80,108,57,68,48,74,65,76,73,68,54,73,63,68,63,55,78,84,80,73,71,82,67,94,64,68,74,80,65,66,86
09139402,81,82,82,84,112,81,64,31,49,108,71,71,81,71,68,76,68,66,76,54,73,95,73,56,65,59,65,86,73,89,80,130,64,86
64320401,95,82,73,80,127,81,75,75,90,108,126,73,89,74,71,76,67,73,86,69,68,95,99,61,89,68,95,87,74,92,81,82,85,85
73306403,71,51,72,80,64,55,59,45,66,65,72,58,68,58,66,62,68,63,48,88,84,79,73,57,61,52,93,55,64,64,80,65,65,83
65138401,98,82,82,91,108,81,75,94,113,109,122,94,89,85,72,104,68,79,86,69,84,143,99,61,89,75,106,88,74,97,81,130,89,140
66005004,114,98,129,96,213,98,78,97,113,110,85,70,105,87,71,112,70,79,83,69,73,199,202,71,90,165,75,86,74,96,84,81,88,129
73304405,64,51,71,78,64,55,40,33,50,51,73,44,69,46,63,38,68,63,48,78,84,79,73,62,61,53,65,56,62,69,80,65,65,58
05101001,122,110,141,,,84,110,,105,131,118,79,106,130,,113,,,129,107,91,,92,83,111,85,104,93,118,,124,,97,150
64316002,124,130,,,,86,131,,155,121,157,,,129,73,,,149,117,146,85,,,154,,,,133,79,137,,,146,
203000449,98,130,,127,,97,130,,114,121,157,,,129,,,144,81,,,92,,99,88,121,150,,94,109,136,158,133,104,
38567406,72,51,72,80,63,55,59,45,66,65,72,44,68,63,66,63,68,63,51,79,64,77,68,56,50,52,92,55,62,64,57,65,64,56
04006004,113,131,,,,84,130,,126,,118,117,134,121,117,114,,100,,115,91,,,83,108,87,,103,109,142,,109,147,
99130414,117,,129,126,108,84,89,94,113,111,85,71,105,88,71,73,73,73,55,91,74,143,123,60,89,149,107,92,76,116,84,83,100,143
74136003,115,106,124,92,146,82,75,93,100,121,,77,102,73,76,116,111,124,104,106,84,158,92,81,106,82,96,87,115,137,123,128,88,99
74134401,72,80,79,78,112,80,68,49,74,98,77,77,68,70,70,63,68,66,52,78,84,98,70,80,83,75,92,86,68,72,80,65,71,98
74085001,123,109,149,109,,82,108,93,111,122,,78,,85,116,,,124,135,107,88,,132,81,122,113,104,88,134,137,132,131,97,133
73138002,122,105,141,177,,98,107,93,96,121,155,79,,132,99,,115,142,135,107,87,,97,83,,,104,91,,,,,97,
09032400,98,83,82,90,128,81,75,76,66,109,81,73,88,85,69,77,68,88,86,68,74,143,99,61,89,74,106,86,74,96,81,111,65,103
09032401,98,83,82,90,128,81,75,76,90,109,92,73,88,85,69,77,68,88,86,68,74,144,99,61,89,130,106,86,74,96,81,130,65,103
05058400,99,107,94,91,146,82,73,94,83,127,96,71,70,130,78,65,144,72,57,88,91,143,82,83,89,80,101,86,108,116,123,133,97,83
38186401,98,99,80,80,149,81,74,94,83,121,86,77,90,73,76,114,68,117,110,88,84,98,82,80,89,75,93,86,69,98,81,133,72,80
65077401,98,82,81,91,128,84,78,94,113,109,130,114,116,109,72,115,68,89,86,70,85,143,99,61,121,149,106,92,74,97,81,130,89,141
05026001,114,115,89,,149,84,74,,103,131,118,77,106,,99,65,,117,117,115,89,,93,89,89,76,105,93,109,,123,,98,99
66081002,122,109,129,96,,98,79,97,114,110,85,73,110,87,71,112,70,89,92,69,74,199,100,71,126,169,107,87,74,98,84,124,64,85
203000483,118,98,150,96,,84,205,97,113,121,140,122,217,110,117,117,136,89,,165,85,,99,83,133,,,134,149,137,158,130,115,
04193002,71,130,95,175,149,83,73,,103,121,97,73,97,130,78,67,,90,83,89,89,96,98,87,92,76,104,86,108,137,123,154,97,83
73175001,124,109,,,,,,,,,,,,147,,,,,,,84,,,83,,,,155,144,,,,97,
74056005,72,82,80,80,144,82,73,75,90,109,116,77,71,72,76,73,82,76,87,78,84,98,73,80,89,81,95,87,74,116,122,125,70,96
73071401,64,48,36,34,35,52,34,27,21,12,6,20,40,10,24,28,2,22,33,43,50,71,23,11,50,23,48,22,34,64,32,41,50,55
73304404,115,80,72,80,144,60,68,48,74,69,77,77,69,54,76,76,111,88,86,78,84,98,92,81,62,75,94,87,65,107,80,108,72,86
73055001,122,106,,109,,99,108,,97,122,,79,,95,90,,,,135,108,96,,132,91,,,104,92,,145,,,97,
06153400,72,62,83,90,77,81,73,48,51,48,72,64,66,110,73,65,71,75,55,88,81,96,80,57,88,59,65,85,77,63,128,77,90,55
06120400,72,128,83,90,149,84,73,,111,138,86,76,71,120,103,76,144,100,102,102,91,98,123,87,89,79,105,86,80,137,122,109,97,97
73034002,121,106,150,,,82,108,,101,121,,77,,85,99,,148,142,136,107,84,,97,83,124,,96,89,144,137,124,,88,133
73261001,118,106,149,,,99,107,,111,121,,,,147,116,,,,135,138,84,,97,83,128,,96,87,,137,,,97,
66147400,112,110,,,,98,91,97,114,110,92,96,173,88,71,132,70,92,92,96,86,198,100,83,128,,149,133,76,137,84,131,99,
73307402,65,51,72,78,63,55,41,34,23,51,72,44,68,52,65,44,68,46,48,88,84,79,73,56,61,52,64,55,62,64,80,64,65,56
05085001,71,106,84,80,112,82,73,93,96,120,96,71,104,147,99,62,157,72,48,88,89,96,81,83,89,76,97,70,114,,124,131,91,83
203000459,80,82,82,90,64,81,73,32,46,97,81,71,68,84,72,79,68,66,55,59,68,162,74,57,89,54,65,93,71,88,81,65,68,55
38375403,72,81,83,80,146,80,73,72,83,108,87,77,71,73,78,66,115,88,57,88,84,122,153,81,89,75,96,86,79,107,122,122,85,82
73232401,64,54,71,80,108,55,59,46,51,65,73,58,69,54,65,63,68,63,49,78,84,79,73,62,61,53,94,56,64,74,80,65,65,85
05145002,122,107,,,,98,110,,96,133,118,79,109,130,99,,,,118,107,89,,98,83,124,90,105,94,115,116,127,,116,
38002400,123,105,149,109,,82,107,147,83,121,118,77,109,73,78,104,115,125,111,106,84,143,93,83,89,75,96,88,79,116,123,130,89,99
73296005,72,61,71,80,108,57,62,48,71,65,77,73,69,59,66,64,68,63,55,78,84,80,73,71,62,69,94,70,64,98,90,65,64,85
65295400,98,82,127,91,112,86,129,94,113,109,122,114,89,86,72,112,68,88,111,88,85,143,99,61,89,80,106,92,74,97,133,95,90,137
74085406,72,80,72,80,112,62,73,48,74,98,87,73,68,63,76,65,68,67,57,78,84,96,73,80,83,75,94,64,64,75,80,126,71,95
66147402,118,103,124,96,129,98,79,97,113,110,85,73,108,87,71,112,70,89,91,69,74,199,132,71,90,133,107,87,74,98,84,112,90,103
04100401,117,131,135,175,,84,129,,113,138,118,77,91,123,78,75,,81,135,89,91,,98,87,110,85,105,88,108,137,123,154,99,108
05085403,71,82,72,80,108,80,73,45,83,65,96,70,68,85,76,62,74,72,55,88,89,95,80,64,89,67,94,64,69,64,122,64,91,83
99130403,118,130,140,101,,98,129,97,114,111,92,91,104,103,71,112,74,84,90,91,90,199,99,61,104,,149,94,76,116,84,113,91,103
73322400,71,81,72,80,108,57,65,32,51,65,73,71,68,60,73,63,71,68,48,88,89,93,73,62,61,67,94,60,65,64,80,65,65,58
73290400,118,106,127,109,,99,108,94,96,121,118,77,110,99,78,,,,135,89,89,,97,83,107,85,96,87,115,116,124,133,91,99
74083002,116,106,124,96,149,85,108,147,111,121,,77,136,131,99,,,141,135,107,88,,132,81,122,,104,91,135,137,132,131,97,105
74276400,72,82,115,80,146,80,73,145,75,108,116,77,71,73,76,65,82,74,86,78,84,122,70,81,89,81,96,86,79,98,122,68,72,99
73296406,64,51,71,72,64,55,34,32,44,51,73,44,69,33,63,34,66,51,48,88,87,80,72,61,81,67,94,60,62,71,79,64,71,55
04006401,72,98,83,90,81,81,73,94,113,138,86,75,70,120,73,76,71,76,86,88,91,143,97,83,88,79,105,86,108,136,122,84,99,82
64320405,95,82,73,80,127,81,64,75,89,108,126,73,81,74,71,76,67,66,84,69,68,142,99,59,89,68,95,87,74,91,81,82,65,85
09182003,,,,,,,,,,,,,,,,,,,,,,,,,,,,,,,,,,
05093003,65,54,72,80,64,57,41,32,29,51,72,70,67,63,65,59,71,66,48,88,89,77,73,57,61,53,63,55,65,64,80,26,62,54
31042401,98,82,82,90,108,81,75,76,66,109,81,73,89,84,70,77,68,66,86,68,68,143,82,56,67,60,106,86,74,94,81,112,65,97
05182001,122,107,,,,98,110,,90,131,,78,,130,117,,,,137,107,97,,93,83,124,,105,93,147,137,,,97,
73232001,115,105,141,109,,82,108,93,96,121,,77,136,85,99,,115,124,118,106,84,,97,81,124,,96,92,144,,123,,97,130
05044400,71,54,72,91,77,53,59,45,29,51,72,65,65,62,65,59,144,73,48,88,64,77,81,59,50,52,53,70,109,63,122,65,99,57
09023001,147,,,,,134,,,,,,,,,,,,,,145,,,,146,,,,134,,,,,153,
05093001,104,106,84,90,148,82,73,,90,131,118,77,106,131,78,65,116,95,110,109,91,,92,83,89,82,96,87,108,116,124,133,97,83
203017010,122,130,,,,98,92,114,115,121,130,97,,92,129,112,74,99,92,,91,,111,91,125,149,,136,138,139,,134,105,
09162001,95,83,82,84,128,81,74,32,49,109,81,71,86,71,68,76,68,73,86,68,74,95,97,56,89,60,65,86,74,96,80,65,64,79
09193400,121,110,163,96,,98,109,97,113,110,130,97,116,87,79,124,136,126,147,113,86,,,83,107,,149,87,115,140,166,130,91,
66117001,147,,,,,137,133,,127,,144,97,,92,,,75,150,92,,,,,,,,,,,,,141,156,
73307400,118,81,143,80,162,62,73,48,75,119,114,77,80,73,77,73,115,81,58,88,85,143,82,80,89,75,94,87,69,116,122,133,72,83
66146002,112,98,83,96,128,84,75,32,65,110,81,70,88,87,71,112,70,73,83,68,73,151,99,71,87,60,65,86,74,97,81,61,65,77
74056418,70,54,72,78,64,55,65,45,51,54,73,44,68,54,65,62,67,45,34,78,83,79,70,56,61,52,93,56,62,113,57,65,64,55
05120002,72,115,89,175,149,82,74,94,96,131,119,77,91,130,78,65,144,88,57,88,91,122,83,83,89,85,104,88,107,116,123,85,66,108
06016001,165,131,153,,,83,,,126,,152,,,,,114,,,,,91,,,88,,,,,136,,,,,
05161401,71,53,71,80,64,53,59,34,29,51,72,70,65,70,65,38,119,72,48,88,84,77,80,57,50,53,53,60,64,63,80,41,64,55
09029402,,,,,,,,,,,,,,,,,,,,145,,,,126,,,,134,,,,,,
05114400,71,106,94,142,149,81,73,94,90,119,87,71,68,110,78,65,144,74,55,88,91,98,81,83,89,78,104,86,79,116,123,131,97,83
74191403,99,80,124,80,144,80,73,71,75,98,87,77,68,70,73,63,68,66,57,78,84,98,70,81,83,77,92,86,68,74,80,65,71,98
74058402,99,103,123,80,146,80,73,145,75,120,116,77,80,73,76,66,82,76,87,88,84,122,71,81,89,82,96,87,79,107,123,125,72,99
203000452,112,130,134,126,,98,89,97,114,111,85,70,105,110,71,111,76,73,90,139,91,143,124,59,108,149,,133,76,137,158,133,107,
06073400,72,74,83,90,148,84,73,97,106,138,85,76,71,104,85,82,103,81,86,88,89,98,101,84,89,53,149,86,78,105,122,84,99,82
99130412,112,106,103,126,128,84,89,94,113,110,85,71,92,88,71,112,73,73,55,91,74,143,99,60,89,128,149,86,76,97,84,83,93,130
64320403,97,74,73,80,112,81,64,75,49,108,81,71,69,71,70,59,67,66,51,68,68,95,92,56,89,60,94,86,74,91,80,82,65,85
66155001,147,,,,,,,,,,,,,,,,,,,,,,,,,,,,,,,,,
203017018,81,130,127,175,117,98,79,113,66,111,85,70,86,92,71,111,74,80,91,96,73,157,111,71,112,112,75,135,76,137,125,86,100,77
38205400,122,103,149,133,,82,109,,83,121,144,77,134,85,77,,103,140,137,106,84,143,184,83,122,76,96,87,125,137,183,133,72,128
74134400,72,82,80,80,144,80,73,146,75,108,116,77,69,72,74,63,82,124,57,78,84,144,70,81,89,75,96,86,70,75,81,65,71,99
65199401,95,82,81,90,108,81,64,32,49,108,81,71,81,72,71,76,68,74,83,68,69,95,82,56,66,60,64,86,74,87,154,82,65,85
05110400,71,106,94,91,148,82,73,94,83,120,96,71,70,121,78,65,144,72,57,88,91,98,82,83,89,75,101,70,108,116,122,154,97,82
73232400,72,82,80,80,145,81,73,72,90,109,102,77,90,73,77,76,86,89,87,88,84,144,73,81,110,82,95,88,115,116,123,133,84,130
38395403,124,106,79,91,,,107,,112,121,,,134,146,99,217,,142,135,138,117,,97,79,149,,95,86,140,131,182,,116,133
05063404,72,51,69,80,64,55,57,45,29,51,72,70,67,63,65,59,74,66,52,88,72,77,73,57,50,52,63,64,64,64,80,64,64,56
74190400,118,106,128,96,,99,108,171,111,122,158,79,137,74,77,117,111,125,135,107,84,,97,82,122,106,106,92,115,137,132,131,89,129
66181001,,,,,,,,,,,,,,,,,,,,,,,,,,,,,,,,,146,
99130413,95,98,93,125,108,84,79,75,51,111,81,70,71,88,71,73,73,73,55,54,74,143,123,59,89,59,66,86,75,87,84,80,90,141
73004400,99,103,141,80,149,82,75,93,90,121,116,77,79,73,77,115,112,124,87,88,84,157,93,83,89,75,96,87,79,116,122,133,85,99
04099001,126,131,,,,98,,,,,,,,,,114,,,,,,,,90,124,,,,,,,,,
31042400,98,83,131,91,,81,129,76,111,109,130,114,89,85,72,126,68,89,87,68,84,,202,61,89,75,106,87,74,96,135,130,90,138
74236404,72,61,72,80,108,62,73,48,74,98,77,73,68,58,73,65,68,66,52,78,84,95,73,72,83,75,94,64,63,75,80,65,71,95
38207001,125,106,,,,82,110,,113,122,,77,,130,77,,,,,,,,,,124,,,157,,116,,,,
73139401,113,99,121,80,144,80,73,75,83,108,87,77,71,73,76,104,86,89,86,88,84,143,92,80,101,74,95,86,108,114,122,132,97,97
73040402,64,51,39,80,63,52,34,31,23,51,73,34,66,30,51,28,66,50,48,60,116,95,91,61,61,52,63,55,62,63,41,64,64,55
65258400,,,,,,,,,,,,,,,,,,,,,,,,,,,,,,,,,,
05038001,115,115,91,,,87,109,,112,,,79,,,,115,,,118,107,92,,98,89,111,87,105,94,115,,,,92,99
73173400,118,82,141,80,162,81,107,93,90,121,118,77,90,73,78,73,115,124,110,106,84,122,91,81,89,75,96,87,115,116,122,133,85,97
31042405,95,82,82,90,108,81,64,31,49,108,81,71,81,73,70,77,68,66,83,68,68,95,73,56,66,59,64,86,70,87,80,69,65,55
74063402,72,80,79,78,144,62,68,49,74,97,77,73,68,70,69,63,68,66,52,78,84,98,70,80,83,75,92,86,68,72,80,65,70,98
73306404,72,51,72,80,64,55,63,45,66,65,72,64,68,58,66,62,68,63,48,88,84,79,73,57,61,52,93,64,63,64,80,65,65,83
05026401,72,106,72,175,108,82,73,45,51,65,77,71,68,130,78,62,71,73,48,88,91,95,81,62,89,59,63,69,74,64,123,64,65,83
38002405,99,99,115,80,149,82,73,93,83,120,87,77,90,73,78,123,115,118,110,88,84,122,92,81,89,75,96,87,74,98,122,131,85,97
74136005,72,99,80,80,144,82,75,93,74,121,97,77,68,73,74,67,82,81,86,78,84,98,70,81,89,68,96,86,79,76,122,65,70,97
20254400,124,166,,143,,88,,,113,,163,118,,85,133,,103,127,108,116,84,144,100,83,121,106,,133,125,149,179,135,154,
05183400,121,107,141,176,,84,110,,90,131,96,79,106,130,78,113,144,117,117,,91,,98,83,111,90,101,94,115,116,124,133,99,105
05093402,99,106,84,90,148,82,73,93,90,122,97,77,91,131,78,65,115,95,110,107,91,,92,83,89,82,96,87,109,116,124,133,97,83
65077400,120,83,177,91,,97,205,97,113,109,145,,,129,72,,68,126,117,114,85,,,83,128,165,149,133,139,136,178,130,105,142
66119002,,,,,,,,,,,,,,,,,,,,,,,,,,,,,,,,,,
203000462,118,130,137,127,,98,89,159,114,110,85,73,105,110,71,112,75,84,92,139,91,198,100,89,120,,,134,76,136,,131,104,
66005001,,,,,,143,133,,,,,,,110,,,,,117,,,,,91,,,,,,,,,146,
09220004,98,82,82,90,128,86,75,76,90,109,82,74,86,85,70,77,68,88,86,68,76,98,97,62,89,75,106,86,74,96,81,128,64,74
09231400,98,109,84,96,,86,130,,113,109,,,,89,74,,73,126,111,115,85,,99,84,127,165,149,87,75,117,135,130,146,
73173401,72,80,72,80,108,62,69,48,74,69,77,73,71,73,76,63,73,63,55,88,84,93,73,71,83,67,93,86,68,98,80,65,65,83
203000410,98,111,150,127,,98,130,97,114,109,130,121,,110,72,,136,91,91,115,92,,119,83,121,,,93,109,96,155,130,88,
204010221,115,106,84,90,149,82,73,93,90,122,97,77,91,89,78,66,115,100,86,88,89,122,92,83,89,82,96,69,69,136,122,108,97,82
65099402,98,83,140,91,,86,79,94,113,108,130,114,89,108,72,145,68,126,108,89,85,187,99,61,128,149,106,88,74,97,132,130,90,137
74056400,118,106,149,109,,99,108,93,111,122,,,,85,94,,,,,108,94,,99,97,123,,95,92,115,137,124,,97,
20031400,124,162,150,142,,97,142,175,113,,152,118,137,81,134,116,157,126,137,116,84,143,99,83,121,106,150,88,80,142,179,108,153,
20040400,124,130,150,142,,88,165,160,114,,163,118,174,82,133,,103,126,100,116,84,143,99,83,121,106,148,88,125,117,179,135,106,
65138001,,,,,,,,,,,,,,,,,,,,145,,,,100,,,,134,140,137,,,146,
31123400,72,74,69,90,64,81,64,31,22,99,81,71,71,71,66,72,67,66,49,57,68,80,58,64,65,59,63,70,68,87,80,64,64,55
99130402,95,98,85,111,108,84,79,33,51,110,81,71,70,87,71,73,73,67,55,54,74,97,100,57,67,59,66,86,75,87,81,80,65,141
20047001,,,,,,,,,,,,,,,,,,,,,,,,,,,,,,,,,,
203000405,118,98,150,96,,84,131,97,113,121,130,122,105,120,72,114,157,92,111,145,86,,99,83,111,,,134,149,,,,,
65295004,71,74,68,90,62,61,47,31,21,56,70,70,66,70,70,38,68,66,51,57,68,76,73,56,61,59,63,70,69,74,80,64,64,79
73194401,65,53,72,80,64,55,62,45,65,51,73,58,68,54,65,63,68,63,48,79,84,79,73,64,61,53,94,64,63,72,80,65,65,85
203000458,95,98,82,92,108,84,92,94,113,109,126,96,89,88,72,132,69,89,90,70,92,143,99,61,89,129,106,86,74,96,81,130,89,103
65282003,71,74,69,90,63,80,47,31,21,56,71,70,66,70,66,65,67,66,51,58,68,76,73,56,61,60,64,70,70,74,80,64,64,55
09032001,,,,,,133,,,,,,,,,,,,,,,,,,,,,,,,,,,,
38522001,124,106,,,,99,,,,,,,,130,78,,,,,115,117,,,89,124,,119,87,,137,,,97,
73280402,72,54,72,80,108,62,65,48,70,65,73,73,69,70,73,62,68,63,51,88,84,79,73,57,62,53,93,70,64,74,80,65,65,83
31042404,98,83,124,91,128,81,109,76,113,109,130,97,116,85,72,118,68,89,87,68,84,187,99,61,89,129,106,87,74,96,81,130,90,141
04006400,72,112,83,175,148,84,73,97,90,138,86,77,71,120,78,76,144,76,102,88,91,98,98,87,92,79,105,86,97,136,122,131,99,104
64320001,121,,,,,98,,,155,,,,,,,,,,,139,95,,,145,,,,133,80,150,,130,146,142
73296002,72,81,79,80,145,81,73,72,90,109,97,77,89,73,77,76,86,89,87,88,84,144,92,81,108,75,94,87,115,107,80,108,84,97
05177402,71,73,94,91,108,81,73,48,90,65,72,70,68,110,78,62,144,73,55,88,91,96,81,65,89,59,101,70,79,64,123,64,97,83
99130415,95,83,93,125,76,84,79,33,51,110,81,70,71,87,71,65,73,67,55,59,74,97,123,59,67,59,64,86,75,87,81,80,90,103
05004001,114,107,143,175,,84,110,,90,131,154,121,,129,78,137,,100,117,143,89,,97,93,124,,,162,150,,124,155,97,105
38472401,118,105,141,80,,81,107,147,74,121,118,77,90,72,77,115,111,125,111,106,84,144,92,81,122,75,95,87,79,116,123,133,88,99
74258403,72,82,80,80,146,80,73,93,75,108,116,77,71,73,76,64,82,73,86,78,84,98,70,81,89,81,96,86,79,98,122,68,72,99
64320404,98,82,81,91,128,84,75,94,90,108,130,114,116,109,71,148,68,126,168,109,84,198,202,61,128,165,106,119,140,116,166,130,104,140
05027001,72,115,89,175,149,84,74,94,104,,119,77,104,131,99,65,144,95,57,88,91,143,92,87,89,85,104,88,108,,123,109,91,83
73296400,72,61,71,80,112,57,68,48,90,94,77,77,69,70,76,76,82,63,55,87,84,95,92,71,62,75,94,64,65,107,80,65,66,86
74143003,118,106,127,109,,82,108,147,96,122,,78,,85,76,,,125,135,109,84,,99,83,108,85,96,92,115,116,124,131,97,106
74080400,115,103,124,80,144,81,73,93,74,120,116,77,68,73,74,123,82,81,87,78,84,144,70,81,89,68,95,86,68,75,84,68,72,98
65006001,,,,,,,,,,,,,,,,,,,138,139,95,,,103,128,,,134,140,137,,,146,
38514400,126,110,,,,98,,,111,123,,,,,117,,,,,115,117,,,99,128,,,134,,,,,147,
05110001,115,107,94,176,,84,110,94,83,121,96,77,106,130,114,65,,124,57,88,89,,82,89,102,80,101,103,109,138,124,,97,83
203000401,98,98,124,90,111,84,78,92,103,108,82,94,69,109,72,110,73,130,202,159,73,143,99,58,88,68,104,93,79,95,81,82,90,142
203025029,117,106,103,127,112,84,79,94,113,110,85,94,71,109,72,111,73,74,90,91,91,159,119,59,89,129,106,90,74,98,84,130,90,103
38567400,99,81,141,80,224,81,65,93,83,121,118,77,109,73,77,134,112,88,86,88,84,143,91,80,89,75,95,86,115,137,132,131,85,83
38005001,116,106,149,95,,81,107,,111,121,,77,137,147,99,,,142,135,106,84,143,93,83,89,81,96,88,79,116,123,130,88,99
66067400,144,,,,,133,133,,115,,130,96,,120,71,112,71,99,92,109,85,,,91,127,149,,140,77,150,178,94,116,
73304004,72,80,72,80,112,60,68,48,74,69,77,77,69,54,76,76,82,63,86,78,84,81,92,80,83,75,94,87,68,107,80,68,72,89
74080401,70,48,72,69,36,55,34,35,24,32,72,21,67,10,62,34,52,45,33,78,64,77,68,31,51,48,48,55,62,50,43,64,50,55
65413400,71,74,69,90,63,80,63,31,21,69,81,70,68,73,71,64,67,66,50,54,68,80,82,56,64,60,64,85,73,87,80,64,64,82
38187400,98,99,80,80,149,81,74,94,83,121,86,77,90,73,76,114,82,117,111,106,84,159,92,81,121,83,95,86,115,116,132,133,64,98
38002406,99,103,124,80,162,82,75,94,83,121,118,77,91,73,78,104,112,125,86,115,84,144,93,83,124,75,96,87,79,98,122,130,88,99
74270400,72,106,124,96,149,85,75,94,90,121,118,77,91,73,78,117,111,140,135,107,84,,98,83,122,,105,87,134,137,124,133,88,121
05183001,122,107,141,176,,84,110,,90,131,96,79,106,130,78,113,144,117,129,,91,,98,83,111,,124,94,115,,124,133,99,
05110401,71,73,72,91,80,55,73,45,60,65,73,70,64,123,70,62,119,72,48,88,89,77,80,58,61,53,53,64,68,63,122,64,84,82
203017014,81,130,134,,117,98,79,113,115,121,86,94,,92,71,111,74,99,92,97,85,,,71,156,169,,136,76,,166,106,104,
73026001,122,109,151,,,99,110,,97,122,118,79,,124,99,127,118,,118,106,91,,98,94,128,,105,93,,116,124,133,97,105
65388405,,,,,,98,,,,,,,,,,,,,,146,121,,,103,,,,135,,,,,,
04100400,116,133,135,,,84,129,,113,139,118,79,106,130,78,83,,117,137,89,91,,98,87,110,85,105,93,108,137,124,,99,108
73093001,72,51,71,80,64,55,64,46,66,51,73,58,68,54,66,62,68,63,51,78,84,79,71,57,61,67,92,88,62,98,80,65,64,83
66125003,,,,,,,,,,,,,,,,,,,,,,,,,,,,,,,,,,
99130410,122,106,104,105,113,98,91,97,113,122,92,95,108,104,71,132,74,84,91,102,91,187,113,61,110,,,133,76,136,84,131,100,
05101003,71,102,94,91,108,81,73,48,83,99,87,70,64,129,78,62,118,72,55,88,91,81,80,71,50,53,96,70,79,64,122,41,80,78
65188403,95,74,73,90,108,81,64,32,49,108,77,71,71,73,70,65,68,66,51,68,68,95,91,57,65,60,64,86,74,87,81,68,65,83
74056417,72,61,72,80,108,62,73,48,74,98,77,73,68,63,73,65,68,66,52,78,84,95,73,72,83,75,94,64,63,75,121,65,71,95
73304402,64,54,71,80,145,55,59,46,50,65,73,57,69,54,65,63,68,63,49,78,84,79,73,62,61,53,94,61,64,116,80,65,65,83
38442001,124,106,158,95,,81,130,,212,121,,,,147,117,,,,138,115,96,,,96,122,,106,132,,137,,,,
73071404,71,80,72,80,108,62,68,48,74,69,77,77,69,63,76,74,73,63,55,79,84,122,73,80,89,75,94,87,68,107,80,69,71,86
05098401,71,72,94,91,108,81,72,48,90,65,72,70,68,109,76,62,144,73,55,88,91,79,81,63,61,53,101,70,69,64,123,64,85,82
38002401,72,77,72,80,112,62,65,48,74,70,77,73,69,72,76,63,68,81,58,79,84,88,82,56,62,52,92,70,68,75,80,65,65,83
38548401,98,81,80,80,108,62,68,92,83,108,72,77,79,72,76,73,68,88,86,88,84,98,82,57,89,75,93,86,69,98,80,133,65,77
65059400,118,82,127,91,64,86,109,94,111,108,130,114,108,109,72,117,134,89,111,109,85,187,99,61,89,165,106,86,74,97,123,130,89,141
06120402,113,131,85,,,84,130,,114,138,118,77,106,120,78,113,144,127,172,,91,,124,87,102,80,,103,108,137,158,109,99,108
38253403,72,80,72,80,108,70,73,45,83,65,77,77,70,73,77,63,115,75,55,88,84,96,73,57,62,53,94,70,69,64,122,68,84,82
38285400,113,106,135,109,,84,107,96,90,122,118,77,106,85,78,114,115,125,118,88,84,,93,83,89,85,96,93,115,116,124,133,90,99
09231401,98,98,140,91,,86,109,160,113,109,145,122,140,88,72,119,68,91,108,114,85,187,132,82,114,113,149,87,74,96,84,130,89,141
38289401,99,106,124,95,162,84,107,94,90,121,118,77,109,85,78,104,115,124,135,106,84,143,93,83,122,130,96,93,79,116,124,130,90,99
38005402,72,51,72,80,63,55,64,45,71,65,72,58,68,63,66,63,68,63,51,88,84,77,71,56,61,45,92,55,62,63,80,65,64,55
38253401,71,51,69,78,64,53,34,45,21,51,72,64,66,34,63,38,73,63,48,55,64,77,73,56,50,52,63,55,63,63,80,64,64,55
05063003,71,51,72,80,64,53,59,45,29,51,72,70,68,62,65,59,73,63,49,88,84,77,73,56,61,53,63,64,63,64,80,64,97,82
38548403,124,106,158,109,,98,110,,90,121,158,121,,87,77,,,,138,115,95,,,99,124,,107,132,79,137,,,104,130
09139400,136,110,175,96,,88,,,113,109,,,,159,,,68,148,111,139,147,,,146,150,,,134,74,147,,131,146,
20266001,,,,,,,,,,,,,,,,,,,,,,,,,,,,,,,,,,
05096403,71,53,71,80,64,53,56,45,29,51,72,70,68,62,65,59,119,71,48,88,72,77,80,57,50,53,53,70,64,63,80,41,64,56
05077401,71,82,73,175,108,82,73,45,51,65,96,71,70,130,78,62,71,73,48,88,91,92,80,62,62,53,63,55,74,64,123,64,65,83
